cell_id,group,replicate,measurement
MUT0281,Mutant,R3,27.8149
WIL0529,Wildtype,R2,39.1353
MUT0115,Mutant,R2,14.5569
MUT0438,Mutant,R1,27.819
MUT0129,Mutant,R1,15.2996
WIL0611,Wildtype,R3,25.2592
WIL0109,Wildtype,R2,9.4378
WIL0271,Wildtype,R2,27.5347
MUT0169,Mutant,R2,14.8102
WIL0400,Wildtype,R2,23.6383
WIL0129,Wildtype,R1,17.9046
WIL0124,Wildtype,R2,9.6233
MUT0187,Mutant,R2,15.298
MUT0022,Mutant,R2,15.0571
WIL0055,Wildtype,R2,12.7044
WIL0455,Wildtype,R3,31.3818
WIL0456,Wildtype,R1,20.4995
MUT0250,Mutant,R2,24.1636
MUT0214,Mutant,R2,28.0008
WIL0472,Wildtype,R2,21.0228
WIL0217,Wildtype,R2,9.2689
WIL0616,Wildtype,R2,29.9511
WIL0110,Wildtype,R3,15.0832
MUT0023,Mutant,R3,13.0553
MUT0404,Mutant,R3,28.7421
MUT0089,Mutant,R3,8.4874
WIL0327,Wildtype,R1,33.0915
WIL0047,Wildtype,R3,12.593
WIL0100,Wildtype,R2,15.3847
WIL0432,Wildtype,R1,24.2393
WIL0114,Wildtype,R1,5.651
WIL0413,Wildtype,R3,40.7657
WIL0390,Wildtype,R1,40.3804
MUT0280,Mutant,R2,22.8304
MUT0221,Mutant,R3,34.276
MUT0396,Mutant,R1,18.6794
MUT0002,Mutant,R3,12.574
MUT0008,Mutant,R3,19.4576
WIL0035,Wildtype,R3,12.5809
WIL0460,Wildtype,R2,29.8399
MUT0244,Mutant,R2,28.4164
WIL0315,Wildtype,R1,32.2033
MUT0363,Mutant,R1,32.2842
WIL0180,Wildtype,R1,16.1076
WIL0468,Wildtype,R1,25.6461
WIL0054,Wildtype,R1,14.9601
WIL0541,Wildtype,R2,26.9801
WIL0363,Wildtype,R1,38.7748
WIL0171,Wildtype,R1,11.0621
MUT0297,Mutant,R1,20.6006
WIL0098,Wildtype,R3,10.7195
WIL0423,Wildtype,R1,27.8162
WIL0010,Wildtype,R2,14.0075
WIL0254,Wildtype,R3,44.0667
WIL0535,Wildtype,R2,33.0545
WIL0147,Wildtype,R1,18.8114
MUT0385,Mutant,R2,24.3634
WIL0320,Wildtype,R3,28.2268
WIL0573,Wildtype,R1,32.8825
WIL0578,Wildtype,R3,30.1863
MUT0316,Mutant,R2,34.3062
MUT0159,Mutant,R1,14.861
WIL0389,Wildtype,R3,41.5044
WIL0443,Wildtype,R3,33.412
MUT0188,Mutant,R3,14.9794
MUT0241,Mutant,R2,26.1536
WIL0245,Wildtype,R3,38.7597
MUT0201,Mutant,R1,14.6301
MUT0365,Mutant,R3,28.8233
WIL0532,Wildtype,R2,37.6303
WIL0024,Wildtype,R1,15.3847
WIL0173,Wildtype,R3,13.3271
MUT0016,Mutant,R2,16.7945
MUT0364,Mutant,R2,25.1411
WIL0601,Wildtype,R2,27.3035
MUT0232,Mutant,R2,19.5272
MUT0224,Mutant,R3,25.1022
WIL0446,Wildtype,R3,26.728
MUT0151,Mutant,R2,16.3071
WIL0501,Wildtype,R1,28.2206
MUT0399,Mutant,R1,38.9024
WIL0187,Wildtype,R2,17.2988
WIL0260,Wildtype,R3,32.6415
WIL0348,Wildtype,R1,38.5093
MUT0061,Mutant,R2,12.0281
WIL0490,Wildtype,R2,34.5133
MUT0322,Mutant,R2,25.9194
WIL0415,Wildtype,R2,29.274
WIL0557,Wildtype,R3,40.6157
WIL0448,Wildtype,R2,29.6948
WIL0041,Wildtype,R3,14.1433
MUT0038,Mutant,R3,16.1268
MUT0137,Mutant,R3,17.3735
WIL0221,Wildtype,R3,38.8707
MUT0043,Mutant,R2,12.0813
MUT0183,Mutant,R1,6.9746
MUT0148,Mutant,R2,15.2759
MUT0239,Mutant,R3,32.7037
WIL0165,Wildtype,R1,17.4498
MUT0080,Mutant,R3,12.4692
MUT0342,Mutant,R1,31.3315
MUT0109,Mutant,R2,15.4445
MUT0412,Mutant,R2,33.4073
WIL0531,Wildtype,R1,40.8428
MUT0272,Mutant,R3,14.0573
WIL0197,Wildtype,R3,19.4577
MUT0106,Mutant,R2,12.8771
MUT0072,Mutant,R1,19.3182
MUT0390,Mutant,R1,22.0534
WIL0499,Wildtype,R2,32.5973
MUT0302,Mutant,R3,22.8427
WIL0361,Wildtype,R2,25.1123
MUT0246,Mutant,R1,28.1456
MUT0194,Mutant,R3,9.2068
WIL0014,Wildtype,R3,15.6263
WIL0427,Wildtype,R2,30.211
WIL0378,Wildtype,R1,34.2371
MUT0268,Mutant,R2,31.2682
WIL0527,Wildtype,R3,28.6049
MUT0128,Mutant,R3,6.7863
MUT0453,Mutant,R1,28.0215
MUT0480,Mutant,R1,35.4583
MUT0037,Mutant,R2,12.7631
WIL0526,Wildtype,R2,36.6154
WIL0126,Wildtype,R1,15.0749
WIL0419,Wildtype,R3,33.8741
MUT0262,Mutant,R2,30.3865
WIL0505,Wildtype,R2,30.3859
MUT0447,Mutant,R1,33.3484
WIL0061,Wildtype,R2,13.8524
WIL0319,Wildtype,R2,33.0523
WIL0005,Wildtype,R3,16.0643
WIL0205,Wildtype,R2,12.3035
MUT0418,Mutant,R2,27.2558
MUT0440,Mutant,R3,28.121
WIL0307,Wildtype,R2,26.0133
WIL0141,Wildtype,R1,16.2962
WIL0095,Wildtype,R3,16.9374
MUT0308,Mutant,R3,26.583
WIL0142,Wildtype,R2,9.0005
WIL0612,Wildtype,R1,34.213
WIL0467,Wildtype,R3,35.6939
MUT0138,Mutant,R1,5.0
WIL0397,Wildtype,R2,41.9102
WIL0059,Wildtype,R3,16.8251
MUT0470,Mutant,R3,32.6061
WIL0190,Wildtype,R2,17.0412
WIL0025,Wildtype,R2,8.3234
MUT0143,Mutant,R3,8.2251
MUT0127,Mutant,R2,13.0256
MUT0479,Mutant,R3,29.284
WIL0026,Wildtype,R3,16.7943
WIL0172,Wildtype,R2,14.1492
WIL0229,Wildtype,R2,34.7134
WIL0473,Wildtype,R3,30.9624
MUT0329,Mutant,R3,32.0426
WIL0131,Wildtype,R3,16.585
WIL0154,Wildtype,R2,14.8286
MUT0087,Mutant,R1,15.4131
MUT0050,Mutant,R3,12.3298
MUT0436,Mutant,R2,24.4862
WIL0431,Wildtype,R3,36.9263
WIL0099,Wildtype,R1,8.8867
MUT0446,Mutant,R3,23.9263
WIL0076,Wildtype,R2,6.4636
WIL0298,Wildtype,R2,29.6948
WIL0475,Wildtype,R2,31.6676
MUT0178,Mutant,R2,13.227
WIL0436,Wildtype,R2,29.6995
WIL0285,Wildtype,R1,36.9313
MUT0036,Mutant,R1,13.8012
MUT0084,Mutant,R1,12.8686
WIL0135,Wildtype,R1,13.6366
WIL0433,Wildtype,R2,31.6662
MUT0375,Mutant,R1,25.7343
WIL0566,Wildtype,R3,25.7417
WIL0004,Wildtype,R2,10.952
MUT0233,Mutant,R3,27.0719
WIL0169,Wildtype,R2,10.7453
MUT0405,Mutant,R1,27.2821
WIL0018,Wildtype,R1,8.6971
WIL0376,Wildtype,R2,22.7408
WIL0027,Wildtype,R1,17.9317
MUT0180,Mutant,R1,9.1562
MUT0030,Mutant,R1,14.9665
WIL0337,Wildtype,R2,26.1504
MUT0458,Mutant,R3,35.4176
MUT0229,Mutant,R2,21.8699
MUT0202,Mutant,R2,23.2873
WIL0062,Wildtype,R3,15.5523
WIL0206,Wildtype,R3,10.7629
MUT0052,Mutant,R2,13.0661
WIL0084,Wildtype,R1,11.9664
MUT0381,Mutant,R1,39.9428
MUT0469,Mutant,R2,26.685
MUT0260,Mutant,R3,24.5461
WIL0524,Wildtype,R3,30.4793
WIL0493,Wildtype,R2,23.3654
MUT0218,Mutant,R3,20.8404
WIL0510,Wildtype,R1,33.7787
WIL0223,Wildtype,R2,27.4369
MUT0077,Mutant,R3,11.8471
WIL0421,Wildtype,R2,24.7051
WIL0263,Wildtype,R3,24.4453
MUT0133,Mutant,R2,15.2297
MUT0248,Mutant,R3,45.87
MUT0235,Mutant,R2,42.8525
WIL0318,Wildtype,R1,23.2776
MUT0191,Mutant,R3,14.3486
WIL0075,Wildtype,R1,16.1189
MUT0293,Mutant,R3,24.1402
WIL0326,Wildtype,R3,34.1507
MUT0093,Mutant,R1,8.3015
MUT0054,Mutant,R1,6.5871
MUT0216,Mutant,R1,34.7759
WIL0225,Wildtype,R1,32.2208
MUT0474,Mutant,R1,24.6328
MUT0095,Mutant,R3,16.3601
MUT0103,Mutant,R2,12.7147
WIL0218,Wildtype,R3,24.6883
WIL0386,Wildtype,R3,32.6244
WIL0511,Wildtype,R2,30.2316
WIL0583,Wildtype,R2,31.6628
WIL0548,Wildtype,R3,26.4542
WIL0317,Wildtype,R3,29.8552
WIL0306,Wildtype,R1,28.0778
MUT0393,Mutant,R1,32.3474
WIL0358,Wildtype,R2,33.8062
MUT0182,Mutant,R3,18.7728
MUT0173,Mutant,R3,9.121
WIL0295,Wildtype,R2,28.3679
MUT0264,Mutant,R1,11.375
WIL0111,Wildtype,R1,6.4057
MUT0328,Mutant,R2,27.5719
WIL0591,Wildtype,R1,20.5982
WIL0058,Wildtype,R2,12.6439
WIL0359,Wildtype,R3,44.7573
MUT0247,Mutant,R2,26.3343
WIL0007,Wildtype,R2,14.0039
WIL0286,Wildtype,R2,25.0135
WIL0588,Wildtype,R1,24.4217
MUT0427,Mutant,R2,31.2706
WIL0139,Wildtype,R2,14.981
WIL0164,Wildtype,R3,9.4111
MUT0306,Mutant,R1,24.5941
WIL0599,Wildtype,R3,26.0603
WIL0568,Wildtype,R2,26.9107
MUT0476,Mutant,R3,24.4159
WIL0044,Wildtype,R3,12.007
MUT0097,Mutant,R2,13.6622
MUT0125,Mutant,R3,9.1164
WIL0064,Wildtype,R2,16.0614
MUT0033,Mutant,R1,10.1545
MUT0242,Mutant,R3,35.825
WIL0447,Wildtype,R1,34.296
WIL0039,Wildtype,R1,14.662
MUT0407,Mutant,R3,26.1359
MUT0314,Mutant,R3,36.3152
WIL0329,Wildtype,R3,33.8307
WIL0020,Wildtype,R3,14.3833
WIL0375,Wildtype,R1,23.2576
MUT0462,Mutant,R1,22.234
WIL0508,Wildtype,R2,47.3733
MUT0217,Mutant,R2,22.0006
MUT0271,Mutant,R2,31.7017
MUT0196,Mutant,R2,10.512
MUT0240,Mutant,R1,33.1889
WIL0138,Wildtype,R1,13.2173
WIL0410,Wildtype,R3,22.5603
WIL0186,Wildtype,R1,13.068
MUT0166,Mutant,R2,12.0614
MUT0012,Mutant,R1,13.4559
MUT0324,Mutant,R1,17.7654
MUT0298,Mutant,R2,19.3148
MUT0065,Mutant,R3,12.5162
WIL0424,Wildtype,R2,23.0056
WIL0610,Wildtype,R2,26.9582
WIL0597,Wildtype,R1,35.8466
MUT0032,Mutant,R3,5.9735
MUT0270,Mutant,R1,25.593
WIL0149,Wildtype,R3,17.5463
MUT0345,Mutant,R1,37.0145
MUT0063,Mutant,R1,18.3219
MUT0181,Mutant,R2,9.203
WIL0565,Wildtype,R2,26.7033
WIL0368,Wildtype,R3,29.3128
MUT0047,Mutant,R3,9.6219
MUT0152,Mutant,R3,9.6589
WIL0504,Wildtype,R1,34.1702
WIL0233,Wildtype,R3,41.336
MUT0315,Mutant,R1,29.8452
WIL0340,Wildtype,R2,29.3152
WIL0159,Wildtype,R1,13.0136
WIL0257,Wildtype,R3,30.0877
MUT0004,Mutant,R2,12.1485
WIL0097,Wildtype,R2,15.3547
MUT0448,Mutant,R2,35.0362
WIL0309,Wildtype,R1,27.2515
WIL0463,Wildtype,R2,27.4404
WIL0519,Wildtype,R1,27.293
MUT0275,Mutant,R3,24.8807
WIL0404,Wildtype,R3,33.0511
MUT0290,Mutant,R3,31.2128
MUT0437,Mutant,R3,28.0482
WIL0250,Wildtype,R2,32.8814
WIL0453,Wildtype,R1,35.0774
WIL0016,Wildtype,R2,10.5279
WIL0160,Wildtype,R2,15.4304
WIL0595,Wildtype,R2,27.3742
WIL0571,Wildtype,R2,40.2412
WIL0049,Wildtype,R2,5.7239
WIL0474,Wildtype,R1,34.7506
WIL0380,Wildtype,R3,26.7354
WIL0492,Wildtype,R1,33.6472
MUT0177,Mutant,R1,13.2838
MUT0044,Mutant,R3,8.2701
WIL0373,Wildtype,R2,28.3496
MUT0085,Mutant,R2,12.5206
MUT0078,Mutant,R1,12.8824
WIL0450,Wildtype,R1,26.8195
WIL0416,Wildtype,R3,24.5877
WIL0128,Wildtype,R3,18.3633
WIL0559,Wildtype,R2,23.9914
WIL0512,Wildtype,R3,29.3091
MUT0167,Mutant,R3,14.8559
WIL0238,Wildtype,R2,20.5146
WIL0168,Wildtype,R1,13.6489
MUT0273,Mutant,R1,32.9794
WIL0523,Wildtype,R2,36.6275
WIL0081,Wildtype,R1,13.9962
MUT0252,Mutant,R1,34.7906
WIL0301,Wildtype,R2,20.1562
MUT0154,Mutant,R2,18.5157
WIL0325,Wildtype,R2,35.5617
WIL0345,Wildtype,R1,23.366
WIL0216,Wildtype,R1,11.6379
WIL0398,Wildtype,R3,22.7953
WIL0031,Wildtype,R2,14.7048
WIL0243,Wildtype,R1,31.1108
WIL0596,Wildtype,R3,32.8867
MUT0117,Mutant,R1,11.8283
MUT0263,Mutant,R3,31.3656
WIL0558,Wildtype,R1,30.6893
WIL0418,Wildtype,R2,32.7116
MUT0013,Mutant,R2,17.8667
MUT0157,Mutant,R2,12.8748
WIL0028,Wildtype,R2,15.1258
WIL0351,Wildtype,R1,31.6746
WIL0123,Wildtype,R1,12.2959
MUT0307,Mutant,R2,18.5077
MUT0410,Mutant,R3,39.4892
MUT0417,Mutant,R1,29.0455
MUT0175,Mutant,R2,19.162
MUT0058,Mutant,R2,13.5244
MUT0066,Mutant,R1,18.1415
WIL0203,Wildtype,R3,14.3905
MUT0466,Mutant,R2,39.7759
WIL0272,Wildtype,R3,32.841
MUT0423,Mutant,R1,26.2144
WIL0554,Wildtype,R3,26.7931
WIL0278,Wildtype,R3,33.7967
MUT0338,Mutant,R3,26.837
MUT0384,Mutant,R1,17.1951
WIL0515,Wildtype,R3,39.1207
MUT0353,Mutant,R3,31.2757
MUT0193,Mutant,R2,16.0625
WIL0148,Wildtype,R2,15.1629
WIL0300,Wildtype,R1,21.2275
WIL0494,Wildtype,R3,33.3279
MUT0374,Mutant,R3,24.801
MUT0024,Mutant,R1,15.4159
WIL0178,Wildtype,R2,15.5116
MUT0401,Mutant,R3,24.4479
WIL0052,Wildtype,R2,6.3313
WIL0484,Wildtype,R2,28.9548
MUT0352,Mutant,R2,30.1107
WIL0563,Wildtype,R3,27.9109
WIL0023,Wildtype,R3,18.7661
MUT0478,Mutant,R2,34.8007
MUT0323,Mutant,R3,34.8367
MUT0434,Mutant,R3,32.1921
WIL0408,Wildtype,R1,22.5733
WIL0464,Wildtype,R3,32.6801
MUT0349,Mutant,R2,29.9337
WIL0210,Wildtype,R1,12.0043
WIL0409,Wildtype,R2,27.7363
WIL0143,Wildtype,R3,16.1036
WIL0051,Wildtype,R1,13.498
WIL0352,Wildtype,R2,32.2035
WIL0167,Wildtype,R3,15.8275
MUT0120,Mutant,R1,12.7363
MUT0001,Mutant,R2,13.5258
WIL0082,Wildtype,R2,12.1126
MUT0055,Mutant,R2,15.7567
WIL0322,Wildtype,R2,34.1482
MUT0334,Mutant,R2,25.6657
MUT0430,Mutant,R2,29.2123
WIL0509,Wildtype,R3,39.4572
WIL0067,Wildtype,R2,17.6492
WIL0335,Wildtype,R3,23.4305
MUT0351,Mutant,R1,19.6648
MUT0156,Mutant,R1,15.8395
WIL0290,Wildtype,R3,24.2466
MUT0121,Mutant,R2,12.133
WIL0396,Wildtype,R1,30.5398
MUT0219,Mutant,R1,31.9345
WIL0284,Wildtype,R3,24.8901
MUT0212,Mutant,R3,31.5261
WIL0552,Wildtype,R1,46.5466
WIL0362,Wildtype,R3,39.1457
MUT0450,Mutant,R1,23.9845
WIL0065,Wildtype,R3,12.4398
MUT0413,Mutant,R3,29.254
MUT0139,Mutant,R2,9.9449
WIL0265,Wildtype,R2,28.6788
MUT0142,Mutant,R2,15.4085
MUT0211,Mutant,R2,22.8539
WIL0598,Wildtype,R2,35.3381
WIL0021,Wildtype,R1,18.5398
WIL0066,Wildtype,R1,16.3771
MUT0454,Mutant,R2,23.3104
MUT0409,Mutant,R2,42.8986
MUT0199,Mutant,R2,18.9382
WIL0297,Wildtype,R1,21.5816
WIL0603,Wildtype,R1,31.8718
WIL0420,Wildtype,R1,25.8504
MUT0007,Mutant,R2,19.0417
MUT0170,Mutant,R3,13.2378
WIL0262,Wildtype,R2,27.6764
WIL0308,Wildtype,R3,33.35
MUT0150,Mutant,R1,15.8342
WIL0592,Wildtype,R2,26.5112
WIL0458,Wildtype,R3,36.1796
MUT0048,Mutant,R1,14.0942
WIL0542,Wildtype,R3,34.6671
WIL0579,Wildtype,R1,37.7758
MUT0356,Mutant,R3,26.4846
WIL0189,Wildtype,R1,11.5594
MUT0135,Mutant,R1,11.7495
WIL0252,Wildtype,R1,28.7802
WIL0072,Wildtype,R1,15.9575
WIL0102,Wildtype,R1,18.5697
WIL0200,Wildtype,R3,10.6747
WIL0485,Wildtype,R3,22.4833
MUT0237,Mutant,R1,19.888
MUT0238,Mutant,R2,35.5486
WIL0620,Wildtype,R3,30.4764
MUT0112,Mutant,R2,15.1216
WIL0152,Wildtype,R3,10.3834
MUT0243,Mutant,R1,19.7409
WIL0331,Wildtype,R2,35.8624
WIL0274,Wildtype,R2,29.0474
MUT0421,Mutant,R2,26.1145
WIL0385,Wildtype,R2,30.4083
MUT0186,Mutant,R1,15.3243
WIL0452,Wildtype,R3,34.2321
WIL0366,Wildtype,R1,18.45
WIL0282,Wildtype,R1,24.7477
MUT0336,Mutant,R1,16.5573
MUT0266,Mutant,R3,30.2096
WIL0412,Wildtype,R2,28.23
MUT0105,Mutant,R1,11.0271
MUT0279,Mutant,R1,37.0142
MUT0428,Mutant,R3,33.7698
WIL0569,Wildtype,R3,30.2097
MUT0179,Mutant,R3,12.3618
WIL0150,Wildtype,R1,11.4646
WIL0483,Wildtype,R1,32.5994
WIL0208,Wildtype,R2,20.6907
MUT0296,Mutant,R3,25.6705
WIL0219,Wildtype,R1,34.527
WIL0240,Wildtype,R1,27.5225
WIL0614,Wildtype,R3,30.9913
WIL0356,Wildtype,R3,31.4202
WIL0619,Wildtype,R2,37.3948
WIL0193,Wildtype,R2,16.439
WIL0281,Wildtype,R3,29.863
WIL0192,Wildtype,R1,16.9737
WIL0488,Wildtype,R3,36.3397
WIL0514,Wildtype,R2,25.9505
MUT0339,Mutant,R1,32.0699
MUT0176,Mutant,R3,17.6688
WIL0133,Wildtype,R2,9.91
MUT0366,Mutant,R1,18.8034
MUT0361,Mutant,R2,23.6687
WIL0253,Wildtype,R2,35.1831
MUT0172,Mutant,R2,13.988
WIL0604,Wildtype,R2,34.5179
WIL0264,Wildtype,R1,38.4052
WIL0071,Wildtype,R3,11.0796
WIL0273,Wildtype,R1,30.6072
WIL0113,Wildtype,R3,15.3034
WIL0328,Wildtype,R2,31.9615
WIL0116,Wildtype,R3,13.6659
WIL0324,Wildtype,R1,31.5686
MUT0459,Mutant,R1,34.1187
MUT0163,Mutant,R2,15.2166
WIL0587,Wildtype,R3,35.5828
WIL0545,Wildtype,R3,28.7323
MUT0110,Mutant,R3,11.0277
MUT0287,Mutant,R3,33.0687
WIL0564,Wildtype,R1,23.6649
MUT0234,Mutant,R1,22.0457
MUT0132,Mutant,R1,17.0165
WIL0438,Wildtype,R1,32.6543
MUT0039,Mutant,R1,10.9811
WIL0570,Wildtype,R1,37.9663
WIL0479,Wildtype,R3,28.3248
MUT0118,Mutant,R2,10.7425
WIL0279,Wildtype,R1,30.8232
MUT0301,Mutant,R2,31.5105
MUT0146,Mutant,R3,15.3977
WIL0003,Wildtype,R1,8.862
WIL0230,Wildtype,R3,34.5815
WIL0586,Wildtype,R2,26.8384
MUT0443,Mutant,R3,34.0184
MUT0340,Mutant,R2,23.1901
MUT0391,Mutant,R2,18.4619
WIL0372,Wildtype,R1,26.1436
MUT0394,Mutant,R2,37.6329
MUT0206,Mutant,R3,27.2441
MUT0398,Mutant,R3,21.5034
MUT0251,Mutant,R3,19.3505
MUT0378,Mutant,R1,34.9051
MUT0081,Mutant,R1,10.2922
MUT0164,Mutant,R3,11.4051
MUT0197,Mutant,R3,8.2316
MUT0136,Mutant,R2,8.3288
WIL0038,Wildtype,R3,13.2539
WIL0354,Wildtype,R1,32.6355
MUT0294,Mutant,R1,22.9498
WIL0237,Wildtype,R1,31.0964
MUT0174,Mutant,R1,13.4132
WIL0500,Wildtype,R3,25.8325
WIL0056,Wildtype,R3,11.7333
WIL0303,Wildtype,R1,37.799
WIL0287,Wildtype,R3,33.411
WIL0220,Wildtype,R2,30.852
WIL0388,Wildtype,R2,24.8039
MUT0451,Mutant,R2,32.0122
WIL0391,Wildtype,R2,30.4292
WIL0353,Wildtype,R3,34.9422
WIL0194,Wildtype,R3,14.503
WIL0236,Wildtype,R3,37.2312
MUT0223,Mutant,R2,27.3674
WIL0481,Wildtype,R2,36.0354
WIL0117,Wildtype,R1,14.0565
MUT0198,Mutant,R1,16.5012
MUT0395,Mutant,R3,22.039
MUT0034,Mutant,R2,13.4359
MUT0045,Mutant,R1,15.39
WIL0121,Wildtype,R2,18.6253
MUT0335,Mutant,R3,41.4002
MUT0226,Mutant,R2,34.8559
MUT0041,Mutant,R3,11.6377
WIL0063,Wildtype,R1,15.7282
WIL0572,Wildtype,R3,32.6966
WIL0454,Wildtype,R2,30.1822
WIL0516,Wildtype,R1,36.0304
WIL0224,Wildtype,R3,32.6977
WIL0222,Wildtype,R1,30.266
MUT0060,Mutant,R1,7.4464
WIL0466,Wildtype,R2,32.9177
WIL0053,Wildtype,R3,13.5194
MUT0372,Mutant,R1,37.6087
WIL0486,Wildtype,R1,24.4075
MUT0432,Mutant,R1,33.1879
MUT0160,Mutant,R2,8.6739
WIL0156,Wildtype,R1,13.8428
MUT0158,Mutant,R3,9.2416
MUT0131,Mutant,R3,14.8409
WIL0249,Wildtype,R1,37.1866
WIL0442,Wildtype,R2,25.3403
MUT0379,Mutant,R2,32.7108
WIL0543,Wildtype,R1,39.8386
WIL0118,Wildtype,R2,11.3547
MUT0220,Mutant,R2,32.4695
MUT0162,Mutant,R1,13.1631
WIL0292,Wildtype,R2,27.986
MUT0284,Mutant,R3,26.162
WIL0382,Wildtype,R2,36.036
MUT0075,Mutant,R1,20.1684
WIL0201,Wildtype,R1,9.9061
MUT0215,Mutant,R3,23.9293
MUT0429,Mutant,R1,24.8406
MUT0472,Mutant,R2,23.6884
WIL0506,Wildtype,R3,29.6529
MUT0274,Mutant,R2,20.6132
MUT0475,Mutant,R2,24.4739
WIL0341,Wildtype,R3,35.0648
WIL0155,Wildtype,R3,14.6022
MUT0392,Mutant,R3,29.2508
MUT0031,Mutant,R2,10.7305
MUT0230,Mutant,R3,28.5427
MUT0299,Mutant,R3,21.9379
WIL0323,Wildtype,R3,36.0505
MUT0082,Mutant,R2,11.4081
MUT0062,Mutant,R3,15.8538
WIL0083,Wildtype,R3,12.7276
MUT0406,Mutant,R2,39.422
WIL0465,Wildtype,R1,32.2741
MUT0025,Mutant,R2,16.1363
MUT0457,Mutant,R2,39.1573
WIL0334,Wildtype,R2,34.3809
WIL0011,Wildtype,R3,13.5745
WIL0471,Wildtype,R1,32.6212
WIL0033,Wildtype,R1,15.7242
MUT0049,Mutant,R2,8.3155
WIL0414,Wildtype,R1,32.9484
WIL0581,Wildtype,R3,35.4416
WIL0383,Wildtype,R3,35.883
MUT0086,Mutant,R3,12.5085
MUT0029,Mutant,R3,7.4001
MUT0425,Mutant,R3,31.6381
MUT0431,Mutant,R3,31.0712
WIL0379,Wildtype,R2,34.6096
WIL0090,Wildtype,R1,14.8567
WIL0602,Wildtype,R3,32.6422
WIL0214,Wildtype,R2,18.2092
MUT0367,Mutant,R2,18.2063
WIL0134,Wildtype,R3,15.776
WIL0347,Wildtype,R3,35.4274
MUT0114,Mutant,R1,12.387
WIL0008,Wildtype,R3,6.7586
MUT0101,Mutant,R3,14.2094
WIL0321,Wildtype,R1,23.0214
MUT0332,Mutant,R3,25.6816
WIL0188,Wildtype,R3,16.7696
WIL0553,Wildtype,R2,27.8163
WIL0305,Wildtype,R3,28.85
WIL0032,Wildtype,R3,16.7702
MUT0094,Mutant,R2,16.6088
WIL0241,Wildtype,R2,32.6769
MUT0433,Mutant,R2,20.4549
WIL0175,Wildtype,R2,19.9707
WIL0246,Wildtype,R1,31.8889
WIL0057,Wildtype,R1,5.6688
MUT0011,Mutant,R3,12.5044
WIL0584,Wildtype,R3,36.2299
MUT0257,Mutant,R3,27.3317
WIL0146,Wildtype,R3,13.5433
WIL0091,Wildtype,R2,15.1021
WIL0393,Wildtype,R1,42.3599
WIL0311,Wildtype,R3,31.9343
WIL0360,Wildtype,R1,29.2283
WIL0094,Wildtype,R2,15.8333
MUT0253,Mutant,R2,34.6403
MUT0348,Mutant,R1,23.2247
WIL0377,Wildtype,R3,31.3479
WIL0244,Wildtype,R2,32.9115
MUT0347,Mutant,R3,40.8846
WIL0088,Wildtype,R2,18.477
WIL0215,Wildtype,R3,12.1199
WIL0445,Wildtype,R2,31.7222
WIL0174,Wildtype,R1,9.802
WIL0426,Wildtype,R1,18.8169
MUT0283,Mutant,R2,23.4141
WIL0119,Wildtype,R3,17.1277
WIL0120,Wildtype,R1,17.7239
MUT0124,Mutant,R2,8.0008
WIL0001,Wildtype,R2,15.5482
WIL0395,Wildtype,R3,29.3055
WIL0402,Wildtype,R1,22.5274
WIL0405,Wildtype,R1,36.4534
MUT0099,Mutant,R1,11.969
MUT0320,Mutant,R3,29.0581
WIL0163,Wildtype,R2,13.5503
WIL0115,Wildtype,R2,11.5598
WIL0151,Wildtype,R2,11.5761
MUT0141,Mutant,R1,12.8333
MUT0456,Mutant,R1,29.304
MUT0236,Mutant,R3,35.9594
WIL0369,Wildtype,R1,27.547
WIL0544,Wildtype,R2,21.5822
WIL0478,Wildtype,R2,38.5758
MUT0420,Mutant,R1,39.4754
WIL0533,Wildtype,R3,29.3295
MUT0006,Mutant,R1,10.3056
WIL0513,Wildtype,R1,33.3759
MUT0083,Mutant,R3,16.1457
WIL0073,Wildtype,R2,11.6568
WIL0259,Wildtype,R2,36.9577
MUT0005,Mutant,R3,10.0441
MUT0373,Mutant,R2,33.051
WIL0136,Wildtype,R2,9.9958
WIL0617,Wildtype,R3,35.6374
WIL0517,Wildtype,R2,34.2225
MUT0123,Mutant,R1,11.6045
WIL0593,Wildtype,R3,27.6199
MUT0309,Mutant,R1,33.1153
WIL0502,Wildtype,R2,25.2835
WIL0539,Wildtype,R3,35.0941
MUT0277,Mutant,R2,14.3452
WIL0582,Wildtype,R1,32.1766
WIL0344,Wildtype,R3,29.1555
MUT0171,Mutant,R1,11.3057
MUT0386,Mutant,R3,31.3827
WIL0294,Wildtype,R1,28.147
WIL0365,Wildtype,R3,26.6327
MUT0113,Mutant,R3,10.6042
MUT0040,Mutant,R2,12.2133
WIL0015,Wildtype,R1,15.7455
MUT0067,Mutant,R2,12.0943
WIL0087,Wildtype,R1,15.9983
WIL0371,Wildtype,R3,15.9867
WIL0166,Wildtype,R2,14.9141
WIL0132,Wildtype,R1,16.0674
WIL0336,Wildtype,R1,32.7515
WIL0060,Wildtype,R1,10.9946
MUT0090,Mutant,R1,13.4049
MUT0057,Mutant,R1,13.826
WIL0355,Wildtype,R2,22.4352
WIL0425,Wildtype,R3,24.9053
WIL0293,Wildtype,R3,30.4544
WIL0042,Wildtype,R1,17.0468
WIL0330,Wildtype,R1,35.7757
WIL0615,Wildtype,R1,28.505
WIL0430,Wildtype,R2,42.6549
WIL0080,Wildtype,R3,12.2574
MUT0074,Mutant,R3,14.6573
WIL0029,Wildtype,R3,17.9667
MUT0088,Mutant,R2,17.1782
WIL0255,Wildtype,R1,28.8761
MUT0442,Mutant,R2,23.018
WIL0459,Wildtype,R1,28.547
WIL0384,Wildtype,R1,40.9283
WIL0314,Wildtype,R3,28.319
WIL0085,Wildtype,R2,14.9941
WIL0575,Wildtype,R3,36.5107
WIL0137,Wildtype,R3,11.4023
WIL0112,Wildtype,R2,11.2932
WIL0195,Wildtype,R1,16.8847
WIL0179,Wildtype,R3,13.3488
WIL0556,Wildtype,R2,38.6639
MUT0104,Mutant,R3,8.5544
WIL0497,Wildtype,R3,31.4056
WIL0130,Wildtype,R2,14.8141
MUT0096,Mutant,R1,8.0327
WIL0338,Wildtype,R3,39.3836
MUT0471,Mutant,R1,36.0933
WIL0609,Wildtype,R1,21.8964
WIL0125,Wildtype,R3,9.9042
WIL0196,Wildtype,R2,14.8768
WIL0227,Wildtype,R3,31.4497
MUT0070,Mutant,R2,14.3326
WIL0269,Wildtype,R3,26.1812
WIL0153,Wildtype,R1,11.7108
WIL0585,Wildtype,R1,37.0645
WIL0104,Wildtype,R3,14.5975
WIL0594,Wildtype,R1,26.3076
MUT0380,Mutant,R3,20.1847
MUT0346,Mutant,R2,34.8434
MUT0149,Mutant,R3,19.2963
WIL0228,Wildtype,R1,30.9257
MUT0465,Mutant,R1,31.1369
WIL0302,Wildtype,R3,27.0667
WIL0276,Wildtype,R1,31.0132
WIL0127,Wildtype,R2,14.9461
WIL0406,Wildtype,R2,28.3028
MUT0337,Mutant,R2,32.9598
MUT0064,Mutant,R2,13.7005
MUT0130,Mutant,R2,10.2048
MUT0414,Mutant,R1,28.4985
WIL0037,Wildtype,R2,18.0194
WIL0140,Wildtype,R3,16.6876
WIL0304,Wildtype,R2,43.0988
WIL0268,Wildtype,R2,24.0592
WIL0534,Wildtype,R1,39.0774
WIL0546,Wildtype,R1,28.8936
WIL0213,Wildtype,R1,13.3838
WIL0469,Wildtype,R2,38.6006
WIL0199,Wildtype,R2,11.3897
MUT0053,Mutant,R3,15.7062
WIL0528,Wildtype,R1,31.1826
MUT0056,Mutant,R3,12.5305
MUT0303,Mutant,R1,28.2688
WIL0242,Wildtype,R3,32.0659
WIL0343,Wildtype,R2,34.9377
WIL0550,Wildtype,R2,30.1623
WIL0387,Wildtype,R1,34.9114
MUT0387,Mutant,R1,26.4239
WIL0207,Wildtype,R1,12.5153
WIL0296,Wildtype,R3,30.2702
MUT0076,Mutant,R2,16.5935
MUT0278,Mutant,R3,34.5533
WIL0074,Wildtype,R3,15.3971
MUT0249,Mutant,R1,23.8421
WIL0105,Wildtype,R1,13.9634
MUT0185,Mutant,R3,11.4085
MUT0209,Mutant,R3,19.9638
MUT0455,Mutant,R3,35.8888
WIL0017,Wildtype,R3,13.7081
WIL0440,Wildtype,R3,31.5789
WIL0092,Wildtype,R3,11.4754
WIL0089,Wildtype,R3,14.4306
WIL0451,Wildtype,R2,26.0222
MUT0098,Mutant,R3,11.9534
WIL0103,Wildtype,R2,15.6717
WIL0239,Wildtype,R3,28.685
MUT0222,Mutant,R1,22.7687
WIL0247,Wildtype,R2,37.2401
MUT0389,Mutant,R3,22.9177
WIL0158,Wildtype,R3,14.0782
WIL0480,Wildtype,R1,28.2527
MUT0026,Mutant,R3,9.5242
MUT0371,Mutant,R3,18.0804
MUT0344,Mutant,R3,27.6929
WIL0019,Wildtype,R2,14.0024
MUT0467,Mutant,R3,31.8922
WIL0122,Wildtype,R3,11.3078
MUT0360,Mutant,R1,29.354
MUT0276,Mutant,R1,28.3912
WIL0275,Wildtype,R3,36.8208
WIL0434,Wildtype,R3,27.9385
MUT0331,Mutant,R2,30.689
MUT0419,Mutant,R3,32.1919
WIL0312,Wildtype,R1,36.7179
MUT0377,Mutant,R3,22.9513
MUT0359,Mutant,R3,38.6851
MUT0161,Mutant,R3,13.7816
WIL0547,Wildtype,R2,21.5757
WIL0182,Wildtype,R3,21.4999
WIL0185,Wildtype,R3,13.9339
WIL0407,Wildtype,R3,34.7664
MUT0100,Mutant,R2,10.0883
WIL0607,Wildtype,R2,30.3864
MUT0073,Mutant,R2,13.7893
WIL0521,Wildtype,R3,24.8491
WIL0381,Wildtype,R1,31.3056
WIL0411,Wildtype,R1,32.0359
MUT0015,Mutant,R1,11.1423
WIL0370,Wildtype,R2,27.6858
MUT0326,Mutant,R3,28.973
MUT0357,Mutant,R1,25.05
MUT0259,Mutant,R2,24.0475
WIL0079,Wildtype,R2,9.4068
WIL0574,Wildtype,R2,38.9374
MUT0461,Mutant,R3,29.9667
MUT0018,Mutant,R1,16.7256
WIL0608,Wildtype,R3,38.5184
MUT0327,Mutant,R1,17.5003
WIL0069,Wildtype,R1,12.3914
MUT0355,Mutant,R2,31.2818
MUT0435,Mutant,R1,37.8529
WIL0417,Wildtype,R1,28.7544
MUT0310,Mutant,R2,34.9788
WIL0562,Wildtype,R2,32.4904
WIL0068,Wildtype,R3,16.0778
WIL0537,Wildtype,R1,23.7151
WIL0078,Wildtype,R1,14.2614
WIL0106,Wildtype,R2,14.7186
MUT0477,Mutant,R1,35.6556
MUT0341,Mutant,R3,25.0832
MUT0019,Mutant,R2,10.5753
WIL0560,Wildtype,R3,29.6642
MUT0227,Mutant,R3,23.7207
MUT0267,Mutant,R1,23.6928
MUT0071,Mutant,R3,8.9692
MUT0288,Mutant,R1,32.638
MUT0397,Mutant,R2,32.6508
MUT0445,Mutant,R2,28.4164
MUT0400,Mutant,R2,34.7323
MUT0116,Mutant,R3,16.0607
MUT0286,Mutant,R2,23.256
WIL0491,Wildtype,R3,26.8749
MUT0473,Mutant,R3,23.9781
MUT0210,Mutant,R1,25.1908
MUT0369,Mutant,R1,17.486
WIL0606,Wildtype,R1,18.8781
WIL0364,Wildtype,R2,36.8679
WIL0070,Wildtype,R2,13.9413
WIL0549,Wildtype,R1,32.9511
MUT0189,Mutant,R1,14.8759
WIL0161,Wildtype,R3,14.2471
MUT0255,Mutant,R1,23.5438
WIL0012,Wildtype,R1,16.7127
WIL0145,Wildtype,R2,18.078
WIL0518,Wildtype,R3,31.7502
WIL0428,Wildtype,R3,38.9872
MUT0020,Mutant,R3,13.0194
WIL0177,Wildtype,R1,14.1158
WIL0441,Wildtype,R1,28.9403
MUT0195,Mutant,R1,14.9142
WIL0522,Wildtype,R1,28.1883
MUT0402,Mutant,R1,19.7107
WIL0449,Wildtype,R3,25.315
MUT0069,Mutant,R1,12.0527
WIL0232,Wildtype,R2,47.0614
WIL0211,Wildtype,R2,11.185
MUT0021,Mutant,R1,11.873
WIL0144,Wildtype,R1,12.6993
MUT0134,Mutant,R3,10.4327
WIL0520,Wildtype,R2,43.432
WIL0349,Wildtype,R2,36.0078
WIL0299,Wildtype,R3,19.6638
MUT0203,Mutant,R3,25.9859
MUT0147,Mutant,R1,14.9013
WIL0429,Wildtype,R1,39.986
WIL0613,Wildtype,R2,34.8501
MUT0439,Mutant,R2,23.9047
MUT0444,Mutant,R1,35.4004
WIL0009,Wildtype,R1,12.2738
WIL0157,Wildtype,R2,13.8383
WIL0540,Wildtype,R1,21.5788
WIL0507,Wildtype,R1,23.0082
WIL0437,Wildtype,R3,32.9924
WIL0267,Wildtype,R1,36.6655
MUT0207,Mutant,R1,32.0362
WIL0462,Wildtype,R1,34.9332
WIL0577,Wildtype,R2,26.5102
WIL0339,Wildtype,R1,32.3764
WIL0256,Wildtype,R2,31.59
MUT0319,Mutant,R2,29.4558
MUT0376,Mutant,R2,19.3906
MUT0046,Mutant,R2,8.9084
WIL0561,Wildtype,R1,36.6487
WIL0209,Wildtype,R3,13.0477
MUT0291,Mutant,R1,29.7672
WIL0288,Wildtype,R1,32.565
WIL0002,Wildtype,R3,13.743
WIL0342,Wildtype,R1,37.4097
WIL0270,Wildtype,R1,25.2282
WIL0266,Wildtype,R3,29.9881
MUT0295,Mutant,R2,33.1387
MUT0333,Mutant,R1,44.1231
MUT0343,Mutant,R2,30.8392
MUT0261,Mutant,R1,22.5571
WIL0096,Wildtype,R1,12.0335
MUT0460,Mutant,R2,28.1926
MUT0245,Mutant,R3,32.8959
WIL0043,Wildtype,R2,13.3822
MUT0254,Mutant,R3,25.0644
MUT0318,Mutant,R1,28.2419
WIL0399,Wildtype,R1,38.7794
MUT0358,Mutant,R2,24.4253
MUT0009,Mutant,R1,13.2422
MUT0317,Mutant,R3,22.5159
WIL0046,Wildtype,R2,11.2317
WIL0162,Wildtype,R1,13.9794
MUT0108,Mutant,R1,9.5521
MUT0010,Mutant,R2,13.9745
WIL0289,Wildtype,R2,39.6724
WIL0590,Wildtype,R3,36.2397
MUT0416,Mutant,R3,28.7788
MUT0282,Mutant,R1,24.0045
MUT0452,Mutant,R3,23.4458
MUT0305,Mutant,R3,24.739
WIL0576,Wildtype,R1,27.2867
MUT0231,Mutant,R1,32.283
WIL0316,Wildtype,R2,33.3214
MUT0192,Mutant,R1,13.5063
MUT0292,Mutant,R2,33.2458
WIL0231,Wildtype,R1,33.0815
MUT0190,Mutant,R2,17.9177
MUT0079,Mutant,R2,14.6253
MUT0362,Mutant,R3,36.8236
MUT0092,Mutant,R3,16.2803
MUT0313,Mutant,R2,27.0618
MUT0258,Mutant,R1,26.3573
WIL0077,Wildtype,R3,19.6079
MUT0289,Mutant,R2,33.7375
MUT0014,Mutant,R3,7.2152
MUT0463,Mutant,R2,21.5645
WIL0248,Wildtype,R3,37.0329
MUT0200,Mutant,R3,12.8055
MUT0205,Mutant,R2,27.4038
WIL0477,Wildtype,R1,35.3439
MUT0256,Mutant,R2,22.8386
MUT0051,Mutant,R1,10.5073
WIL0086,Wildtype,R3,16.765
WIL0470,Wildtype,R3,22.9175
WIL0226,Wildtype,R2,37.3931
MUT0269,Mutant,R3,28.8621
MUT0155,Mutant,R3,17.2076
WIL0332,Wildtype,R3,18.8466
WIL0234,Wildtype,R1,39.6786
WIL0589,Wildtype,R2,39.6125
WIL0476,Wildtype,R3,35.4347
MUT0415,Mutant,R2,44.7859
MUT0403,Mutant,R2,28.3717
WIL0600,Wildtype,R1,34.4157
MUT0350,Mutant,R3,25.7068
WIL0422,Wildtype,R3,24.6443
MUT0068,Mutant,R3,9.4494
WIL0183,Wildtype,R1,21.4302
WIL0618,Wildtype,R1,22.0951
WIL0333,Wildtype,R1,28.1787
WIL0439,Wildtype,R2,44.5044
WIL0050,Wildtype,R3,13.3418
MUT0408,Mutant,R1,29.8654
WIL0006,Wildtype,R1,17.3198
WIL0530,Wildtype,R3,32.6956
WIL0235,Wildtype,R2,25.4506
WIL0487,Wildtype,R2,33.8652
MUT0426,Mutant,R1,29.8353
WIL0498,Wildtype,R1,38.9674
MUT0265,Mutant,R2,22.4527
MUT0422,Mutant,R3,12.9717
WIL0107,Wildtype,R3,10.2787
WIL0444,Wildtype,R1,27.4526
MUT0311,Mutant,R3,28.8573
WIL0489,Wildtype,R1,35.5199
MUT0027,Mutant,R1,11.6258
WIL0013,Wildtype,R2,18.4701
MUT0119,Mutant,R3,13.0755
MUT0107,Mutant,R3,13.903
WIL0191,Wildtype,R3,15.9863
MUT0464,Mutant,R3,29.7825
MUT0213,Mutant,R1,24.2682
WIL0283,Wildtype,R2,28.6146
WIL0030,Wildtype,R1,13.8807
WIL0170,Wildtype,R3,13.171
MUT0382,Mutant,R2,28.8037
WIL0181,Wildtype,R2,12.6574
WIL0101,Wildtype,R3,16.3093
WIL0198,Wildtype,R1,15.0254
WIL0496,Wildtype,R2,36.9002
MUT0383,Mutant,R3,28.2059
MUT0102,Mutant,R1,12.9876
MUT0028,Mutant,R2,12.4481
MUT0368,Mutant,R3,32.579
WIL0045,Wildtype,R1,10.8068
MUT0042,Mutant,R1,16.6207
MUT0091,Mutant,R2,15.703
WIL0374,Wildtype,R3,27.8761
MUT0059,Mutant,R3,6.3401
WIL0567,Wildtype,R1,33.5008
MUT0228,Mutant,R1,29.4877
WIL0461,Wildtype,R3,37.9423
WIL0040,Wildtype,R2,15.9015
WIL0435,Wildtype,R1,31.6419
MUT0354,Mutant,R1,24.9846
MUT0388,Mutant,R2,28.9439
WIL0457,Wildtype,R2,26.9918
WIL0261,Wildtype,R1,35.0095
WIL0036,Wildtype,R1,15.5098
MUT0208,Mutant,R2,16.5307
WIL0310,Wildtype,R2,31.8369
WIL0277,Wildtype,R2,32.1985
MUT0017,Mutant,R3,12.5503
MUT0035,Mutant,R3,10.4716
MUT0003,Mutant,R1,9.2814
MUT0225,Mutant,R1,36.7895
WIL0394,Wildtype,R2,27.5536
WIL0108,Wildtype,R1,12.4946
WIL0350,Wildtype,R3,49.5743
WIL0525,Wildtype,R1,35.0003
MUT0165,Mutant,R1,16.9321
WIL0048,Wildtype,R1,13.9935
WIL0204,Wildtype,R1,7.3727
WIL0022,Wildtype,R2,18.0045
WIL0403,Wildtype,R2,28.7293
MUT0370,Mutant,R2,37.929
MUT0122,Mutant,R3,8.0324
WIL0034,Wildtype,R2,11.5058
MUT0168,Mutant,R1,15.4643
MUT0304,Mutant,R2,23.6785
MUT0424,Mutant,R2,23.0417
MUT0441,Mutant,R1,31.7041
WIL0580,Wildtype,R2,27.9392
WIL0482,Wildtype,R3,28.4097
MUT0312,Mutant,R1,23.4563
WIL0357,Wildtype,R1,30.9919
MUT0140,Mutant,R3,12.1529
WIL0093,Wildtype,R1,17.6387
MUT0184,Mutant,R2,17.4789
MUT0126,Mutant,R1,11.5634
WIL0280,Wildtype,R2,38.3808
MUT0145,Mutant,R2,13.5641
WIL0605,Wildtype,R3,23.1532
MUT0468,Mutant,R1,34.0151
WIL0401,Wildtype,R3,33.4544
WIL0258,Wildtype,R1,29.4061
MUT0325,Mutant,R2,17.7742
WIL0495,Wildtype,R1,24.8828
MUT0153,Mutant,R1,14.6456
WIL0551,Wildtype,R3,39.559
WIL0202,Wildtype,R2,13.7004
WIL0313,Wildtype,R2,24.4824
WIL0291,Wildtype,R1,32.0977
MUT0144,Mutant,R1,9.723
MUT0330,Mutant,R1,24.0921
WIL0184,Wildtype,R2,15.9473
MUT0449,Mutant,R3,34.593
MUT0411,Mutant,R1,36.6579
WIL0251,Wildtype,R3,40.0427
MUT0204,Mutant,R1,29.313
MUT0321,Mutant,R1,12.4556
WIL0392,Wildtype,R3,31.6668
MUT0285,Mutant,R1,29.3038
MUT0111,Mutant,R1,8.1391
WIL0555,Wildtype,R1,26.2817
WIL0367,Wildtype,R2,37.9766
WIL0346,Wildtype,R2,33.9863
WIL0536,Wildtype,R3,26.2167
MUT0300,Mutant,R1,29.7293
WIL0212,Wildtype,R3,13.1222
WIL0503,Wildtype,R3,25.6975
WIL0538,Wildtype,R2,31.6979
WIL0176,Wildtype,R3,17.8587
