feature,s001,s002,s003,s004,s005,s006,s007,s008,s009,s010,s011,s012,s013,s014,s015,s016,s017,s018,s019,s020,s021,s022,s023,s024,s025,s026,s027,s028,s029,s030,s031,s032,s033,s034,s035,s036,s037,s038,s039,s040,s041,s042,s043,s044,s045,s046,s047,s048,s049,s050,s051,s052,s053,s054,s055,s056,s057,s058,s059,s060,s061,s062,s063,s064,s065,s066,s067,s068,s069,s070,s071,s072,s073,s074,s075,s076,s077,s078,s079,s080,s081,s082,s083,s084,s085,s086,s087,s088,s089,s090,s091,s092,s093,s094,s095,s096,s097,s098,s099,s100,s101,s102,s103,s104,s105,s106,s107,s108,s109,s110,s111,s112,s113,s114,s115,s116,s117,s118,s119,s120,s121,s122,s123,s124,s125,s126,s127,s128,s129,s130,s131,s132,s133,s134,s135,s136,s137,s138,s139,s140,s141,s142,s143,s144,s145,s146,s147,s148,s149,s150,s151,s152,s153,s154,s155,s156,s157,s158,s159,s160,s161,s162,s163,s164,s165,s166,s167,s168,s169,s170,s171,s172,s173,s174,s175,s176,s177,s178
alcohol,1.518612540989146,0.2462896270150547,0.1968790284141202,1.6915496360924187,0.2957002256159914,1.481554592038443,1.7162549353928882,1.30861749693517,2.2597715200031785,1.061564503930491,1.3580280955361046,1.3827333948365716,0.925685357777919,2.160950322801307,1.703902285742655,0.7774535619751135,1.6050810885407834,1.0245065549797905,1.4692019423882092,0.7898062116253471,1.30861749693517,-0.0872319135412595,0.8762747591769846,-0.1860531107431307,0.6168691165220721,0.0609998822615482,0.4809899703695,0.3698161235173953,1.0739171535807246,1.2592068983342333,0.900980058477452,0.7156903137239432,0.8392168102262816,0.9380380074281528,0.6292217661723056,0.5921638172216048,0.3451108242169258,0.0609998822615482,0.0857051815620155,1.5062598913389122,0.6909850144234759,0.5056952696699673,1.0862698032309606,0.2957002256159914,0.0609998822615482,1.4939072416886787,1.703902285742655,1.1109751025314278,1.3580280955361046,1.1603857011323622,0.0609998822615482,1.0245065549797905,1.0121539053295563,0.9503906570783864,0.9133327081276856,0.6909850144234759,1.5062598913389122,0.3574634738671595,0.8886274088272182,-0.7789802939543575,-0.828390892555292,-0.4454587533980411,0.826864160576048,-0.7789802939543575,-1.0260332869590345,-0.7789802939543575,0.1351157801629499,-0.7789802939543575,0.4192267221183298,-0.9766226883580976,-0.8778014911562286,1.061564503930491,0.6045164668718385,-0.0131160156398556,-1.2854389296139446,-1.656018419120962,0.0362945829610788,-1.4336707254167524,-0.828390892555292,-0.3713428554966393,-1.2360283310130102,-0.3466375561961699,-1.1372071338111391,0.0609998822615482,-1.4336707254167524,-0.4084008044473402,-1.0383859366092678,-1.6683710687711957,-1.6807237184214292,-1.1372071338111391,-1.1372071338111391,-1.2360283310130102,-0.3836955051468729,-0.8778014911562286,-1.7054290177218987,-0.6554537974520169,-1.4707286743674532,-0.8778014911562286,-0.7789802939543575,-0.8778014911562286,-1.1372071338111391,-0.4948693519989777,-0.8160382429050584,-1.4583760247172195,-0.6060431988510825,-0.7172170457031872,-0.9272120897571632,-0.3466375561961699,-0.964270038707864,-1.7177816673721322,-1.903071412125639,-0.5936905492008488,-1.5324919226186235,-1.964834660376809,-1.1372071338111391,-2.4342353470856977,-1.4583760247172195,-0.7172170457031872,-0.2848743079450018,-1.2360283310130102,-1.9154240617758749,-1.7795449156233003,-0.7172170457031872,0.0609998822615482,-1.3966127764660516,-1.1495597834613729,-0.7048643960529536,-1.4954339736679227,-0.7789802939543575,-1.1866177324120757,-0.173700461092897,-0.1489951617924276,-0.2354637093440651,-0.3713428554966393,-0.6060431988510825,-0.4948693519989777,-0.9272120897571632,-0.5813378995506152,0.6045164668718385,-0.1984057603933643,-0.0872319135412595,0.443932021418797,0.6415744158225393,0.7651009123248776,-0.9272120897571632,0.1968790284141202,1.0862698032309606,-0.1613478114426634,0.3945214228178625,0.0980578312122491,0.6168691165220721,-0.2601690086445345,0.1351157801629499,0.2833475759657577,-0.519574651299445,0.2092316780643538,1.0368592046300238,-0.6801590967524864,1.654491687141718,0.5921638172216048,-0.7913329436045912,0.8515694598765152,-0.1860531107431307,-0.0501739645905565,0.96274330672862,0.900980058477452,0.5551058682709018,-0.2231110596938315,0.7156903137239432,0.4933426200197336,-0.9889753380083336,-0.2848743079450018,1.4321439934375084,0.8762747591769846,0.4933426200197336,0.3327581745666922,0.2092316780643538,1.3950860444868076
malic_acid,-0.5622497983286235,-0.4994133781369054,0.0212312463087585,-0.3468106433855901,0.2276937697958321,-0.5173666410488249,-0.4186236950332678,-0.1672780142663956,-0.6250862185203416,-0.8854085307431735,-0.1583013828104357,-0.7687123218156972,-0.5442965354167041,-0.5442965354167041,-0.4186236950332678,-0.4724834837690262,-0.3737405377534693,-0.6879226387120596,-0.6699693758001402,0.6855019740497783,-0.6340628499763014,1.3138661759669588,-0.4276003264892275,-0.6609927443441804,-0.4724834837690262,-0.257044328825993,-0.5083900095928652,-0.5532731668726638,-0.3916938006653888,-0.5891796926965027,-0.7507590589037777,-0.6071329556084222,-0.4545302208571067,-0.7238291645358985,-0.4814601152249859,-0.4724834837690262,-0.6250862185203416,-0.6161095870643819,-0.7507590589037777,1.484422173630194,-0.5622497983286235,1.3497727017907977,-0.4006704321213485,1.475445542174234,-0.5083900095928652,1.5293053309099924,1.1253569153918046,-0.5891796926965027,-0.283974223193872,-0.5442965354167041,-0.5442965354167041,-0.6161095870643819,-0.5263432725047846,-0.3916938006653888,-0.5981563241524624,-0.5442965354167041,-0.5712264297845833,-0.3288573804736707,-0.8135954790954959,-1.2534504204375223,-1.109824317142167,-0.8764318992872138,-0.9751748453027708,-1.0828944227742876,-0.7956422161835763,-1.0110813711266098,-1.1906140002458043,-1.0469878969504487,-1.2534504204375223,-1.0290346340385292,-0.6520161128882207,-0.741782427447818,-0.6071329556084222,-0.5981563241524624,-1.1188009485981265,-0.4096470635773083,-1.2893569462613612,0.4969927134746241,-1.2085672631577238,1.3767025961586772,-1.2714036833494418,-0.4724834837690262,-1.0828944227742876,1.3677259647027171,-1.2983335777173208,-1.2175438946136834,-0.6520161128882207,-0.5981563241524624,-0.2480676973700331,-0.903361793655093,-0.4545302208571067,-0.741782427447818,-0.7238291645358985,0.4431329247388657,-0.3109041175617512,-0.7328057959918582,-0.1942079086342746,-0.8315487420074154,-1.1367542115100455,0.7483383942414963,-0.2301144344581136,-0.8943851621991332,0.1020209294123963,-0.5532731668726638,-0.5442965354167041,0.1917872439719932,-0.5442965354167041,-0.5263432725047846,-0.939268319478932,-0.8854085307431735,1.2600063872312008,0.0840676665004768,0.3084834528994699,-1.4329830495567168,-0.8495020049193348,-0.741782427447818,-0.7776889532716569,-0.6520161128882207,0.9817308120964492,0.9817308120964492,0.0571377721325974,-0.257044328825993,1.8793939576924212,3.109192467158904,1.7716743802209045,-0.1583013828104357,-0.7238291645358985,-0.1852312771783151,-0.6340628499763014,1.7626977487649451,-0.8854085307431735,0.5867590280342214,-0.0236519109710399,1.0894503895679657,-0.9841514767587306,0.1109975608683558,2.1397162699152537,2.848870154936072,1.1253569153918046,0.5598291336663421,0.4251796618269463,0.2007638754279531,0.7483383942414963,2.3461787934023275,1.3856792276146368,1.1074036524798851,2.426968476505965,2.040973323899697,0.8111748144332146,1.4036324905265565,0.7034552369616978,0.29950682144351,-0.3916938006653888,0.8650346031689726,-0.939268319478932,2.561617948345361,1.6011183825576702,0.62266555385806,-0.5891796926965027,-0.5981563241524624,1.3407960703348385,0.8291280773451336,0.8381047088010936,0.9996840750083688,0.3802965045471474,1.816557537500704,1.224099861407362,0.9278710233606908,0.2187171383398726,2.0319966924437365,0.62266555385806,0.0481611406766379,0.1558807181481543,2.9745429953195086,1.412609121982516,1.744744485853026,0.2276937697958321,1.5831651196457504
ash,0.2320525409947431,-0.8279963232661995,1.1093343596934533,0.4879264047818666,1.84040254194238,0.3051593592196358,0.3051593592196358,0.8900139050187754,-0.7183360959288614,-0.3528020048043981,-0.2431417774670599,-0.1700349592421672,0.1589457227698504,0.0858389045449578,0.0492854954325106,1.2189945870307932,1.2921014052556858,0.9265673141312224,0.4148195865569739,0.7072468594565445,-0.3162485956919525,1.0362275414685609,-0.0238213227923819,0.5610332230067593,0.8900139050187754,3.1197718608780005,0.9265673141312224,-0.8279963232661995,1.5845286781552548,-0.572122459479076,1.2189945870307932,-0.0238213227923819,-0.0238213227923819,1.2189945870307932,1.0362275414685609,0.1589457227698504,1.73074231460504,0.6706934503440974,-0.9742099597159848,0.5244798138943121,-0.2065883683546128,-0.9011031414910922,0.8169070867938827,-0.2796951865795054,-0.9742099597159848,0.2686059501071886,-0.3162485956919525,-0.9011031414910922,0.1223923136574033,-0.3528020048043981,-1.1935304143906629,0.8534604959063299,0.1954991318822959,1.1458877688059004,-0.4259088230292907,0.3417127683320813,-0.2431417774670599,1.1458877688059004,0.4879264047818666,-3.6791622340370105,-0.3162485956919525,-1.2666372326155555,-1.6321713237400186,-0.7548895050413069,0.5975866321192047,0.7072468594565445,-2.436346324213837,-1.6321713237400186,-0.0238213227923819,-2.2535792786516056,-0.572122459479076,1.1093343596934533,-0.4624622321417362,0.8534604959063299,-0.2431417774670599,-1.6321713237400186,-2.399792915101391,-0.4990156412541834,-1.5225110964026798,0.1223923136574033,-1.339744050840448,-0.6086758685915216,0.5244798138943121,-0.1700349592421672,0.7803536776814372,-0.4624622321417362,-0.2065883683546128,0.9265673141312224,0.3417127683320813,-0.2431417774670599,-0.1700349592421672,0.1954991318822959,-0.3893554139168452,-0.5355690503666289,-0.3162485956919525,-0.6086758685915216,1.3652082234805785,-1.4128508690653407,-0.9742099597159848,-0.572122459479076,-2.436346324213837,-1.7052781419649117,0.3417127683320813,-1.778384960189804,-1.4128508690653407,-0.3528020048043981,-0.9011031414910922,-0.3162485956919525,-1.559064505515126,1.2189945870307932,-1.997705414864481,-0.7183360959288614,2.0231695875046105,0.4879264047818666,0.4879264047818666,-0.6086758685915216,-1.3762974599528943,-0.6452292777039688,-1.4128508690653407,-1.339744050840448,0.1954991318822959,3.156325269990446,1.3286548143681314,-0.8645497323786466,0.0858389045449578,-0.7183360959288614,-0.2796951865795054,1.5114218599303622,-0.2431417774670599,0.0492854954325106,-0.1700349592421672,0.1223923136574033,0.1223923136574033,-0.0238213227923819,-0.4259088230292907,-0.6086758685915216,0.6341400412316519,0.9996741323561152,-0.6452292777039688,0.8900139050187754,1.2189945870307932,-0.0603747319048274,1.2921014052556858,-0.0603747319048274,-0.6086758685915216,-0.791442914153754,-0.4990156412541834,0.4148195865569739,0.0492854954325106,-0.0238213227923819,0.9265673141312224,0.4148195865569739,1.401761632593024,-0.3162485956919525,-0.9742099597159848,-0.1700349592421672,0.0492854954325106,0.9996741323561152,1.2189945870307932,0.9996741323561152,0.0492854954325106,0.6341400412316519,0.7803536776814372,-0.0603747319048274,-0.2431417774670599,-0.3893554139168452,0.8534604959063299,-0.2431417774670599,1.182441177918346,1.8038491328299329,-0.1700349592421672,-0.3162485956919525,0.4148195865569739,0.3051593592196358,0.4148195865569739,-0.3893554139168452,0.0127320863200651,1.3652082234805785
alcalinity_of_ash,-1.1695931750229027,-2.4908471410952195,-0.2687381981554134,-0.8092511842759069,0.4519457833385771,-1.289707171938568,-1.4698781673120658,-0.5690231904445764,-1.6500491626855631,-1.0494791781072377,-0.4489091935289116,-0.8092511842759069,-1.0494791781072377,-2.430790142637387,-2.250619147263889,-0.6891371873602422,0.1516607910494142,0.1516607910494142,-0.899336681962656,-1.289707171938568,-1.0494791781072377,-0.2687381981554134,-0.8693081827337393,-0.508966191986744,0.1516607910494142,1.653085752495229,-1.0194506788783209,-0.7491941858180745,-0.0285102043240839,-1.0494791781072377,0.9023732717723216,-0.1185957020108319,-0.6891371873602422,0.0015182949048327,-0.1486242012397487,0.3018032871939957,-1.1996216742518189,-0.4489091935289116,-1.1996216742518189,-1.8902771565168937,-0.9894221796494052,-0.2086811996975811,-1.3497641703964005,-0.5990516896734931,-0.7491941858180745,-0.1786527004686654,-1.0494791781072377,-1.0494791781072377,-0.2086811996975811,-0.6290801889024098,-2.130505150348224,-0.6891371873602422,-1.6500491626855631,-0.7191656865891578,-0.9293651811915729,0.3018032871939957,-0.9593936804204884,-0.8092511842759069,-0.8392796835048236,-2.6710181364687173,-1.0494791781072377,-0.8092511842759069,-0.4489091935289116,-0.1486242012397487,-0.1486242012397487,-0.4188806942999949,-1.3497641703964005,0.0315467941337494,-0.7491941858180745,-0.8092511842759069,0.271774787965079,1.653085752495229,1.352800760206066,3.1545107139410438,0.4519457833385771,-1.0494791781072377,-1.0494791781072377,-0.4489091935289116,-1.4098211688542328,1.052515767916903,-0.1486242012397487,-0.2086811996975811,1.352800760206066,0.9023732717723216,-0.4489091935289116,-0.4489091935289116,0.9924587694590706,1.953370744784392,0.6321167787120754,1.2326867632904013,-0.2987666973843301,0.7522307756277401,0.361860285651828,-0.4489091935289116,-0.4489091935289116,-0.1486242012397487,0.6020882794831586,-1.0494791781072377,-0.2987666973843301,-0.4489091935289116,-0.5990516896734931,-0.2987666973843301,0.4519457833385771,0.0015182949048327,0.3018032871939957,0.7522307756277401,-0.1486242012397487,0.9023732717723216,-0.1486242012397487,0.1516607910494142,0.0015182949048327,0.4519457833385771,0.1516607910494142,0.4519457833385771,0.9023732717723216,0.6020882794831586,0.3918887848807448,0.9023732717723216,-1.0494791781072377,-0.1486242012397487,0.1516607910494142,2.7040832255072997,2.103513240928973,0.6020882794831586,0.4519457833385771,0.4519457833385771,0.6020882794831586,2.7040832255072997,1.5029432563506473,0.7522307756277401,-0.4489091935289116,0.1516607910494142,1.352800760206066,0.6020882794831586,-0.5990516896734931,-0.2987666973843301,0.4519457833385771,1.653085752495229,0.0015182949048327,1.352800760206066,0.4519457833385771,0.1516607910494142,1.2026582640614845,0.1516607910494142,-0.2987666973843301,0.4519457833385771,0.1516607910494142,0.6020882794831586,0.6020882794831586,0.6020882794831586,1.352800760206066,0.7522307756277401,1.8032282486398103,-0.2987666973843301,0.1516607910494142,0.7522307756277401,0.0015182949048327,2.253655737073555,1.653085752495229,0.9023732717723216,0.4519457833385771,0.1516607910494142,0.7522307756277401,-0.2987666973843301,0.7522307756277401,0.9023732717723216,1.052515767916903,0.0015182949048327,1.5029432563506473,1.653085752495229,-0.1486242012397487,0.0015182949048327,0.1516607910494142,0.3018032871939957,1.052515767916903,0.1516607910494142,0.1516607910494142,1.5029432563506473
magnesium,1.9139052175708116,0.0181450206117595,0.0883583612398725,0.930918448777229,1.281985151917794,0.8607051081491158,-0.2627083419006926,1.4926251738021332,-0.1924950012725795,-0.1222816606444665,0.3692117237523246,-0.3329216825288056,-0.7542017262974838,-0.6137750450412578,0.1585717018679855,0.8607051081491158,1.42241183317402,1.0713451300334549,0.5798517456366638,1.141558470661568,1.8436918769426984,0.1585717018679855,0.0883583612398725,-0.3329216825288056,-0.2627083419006926,1.7032651956864722,-0.4733483637850317,-0.4031350231569187,0.5096384050085507,-0.2627083419006926,0.0883583612398725,0.4394250643804377,0.2989983831242116,2.2649719207113765,0.7202784268928898,0.0181450206117595,0.7202784268928898,-0.1222816606444665,-0.1222816606444665,1.9841185581989245,1.211771811289681,-0.6839883856693708,0.0883583612398725,0.2287850424960986,0.5096384050085507,0.7904917675210028,0.1585717018679855,0.0883583612398725,0.2287850424960986,0.5798517456366638,-0.5435617044131448,-0.4031350231569187,0.7904917675210028,1.0713451300334549,1.281985151917794,1.141558470661568,1.281985151917794,0.1585717018679855,0.5798517456366638,-0.8244150669255969,0.0883583612398725,0.0181450206117595,-0.4031350231569187,-0.8946284075537099,0.2989983831242116,-0.1222816606444665,-1.5265484732067272,-1.5265484732067272,0.7202784268928898,3.599025392645524,0.2287850424960986,-0.9648417481818228,-0.8946284075537099,2.756465305108168,0.0883583612398725,-0.1924950012725795,-0.9648417481818228,0.8607051081491158,2.5458252832238286,0.0883583612398725,-0.9648417481818228,-0.9648417481818228,-1.5265484732067272,-1.035055088809936,-0.4031350231569187,-0.0520683200163535,-0.6839883856693708,-0.8244150669255969,-1.105268429438049,-2.0882551982316317,-1.315908451322388,-0.9648417481818228,-1.3861217919505011,-0.8244150669255969,-0.1222816606444665,4.371372139554768,2.4053986019676024,-1.035055088809936,-0.8244150669255969,-0.8244150669255969,-0.1924950012725795,-0.8244150669255969,-0.1222816606444665,-0.9648417481818228,-1.035055088809936,-0.6839883856693708,-1.3861217919505011,-1.105268429438049,-0.5435617044131448,-0.4031350231569187,0.5096384050085507,-0.8244150669255969,0.2287850424960986,-0.8244150669255969,-1.105268429438049,-1.035055088809936,-0.9648417481818228,0.5798517456366638,-1.3861217919505011,-0.8946284075537099,-0.2627083419006926,1.3521984925459072,0.1585717018679855,-0.9648417481818228,-1.245695110694275,-1.035055088809936,-0.9648417481818228,-0.5435617044131448,-0.8244150669255969,-1.3861217919505011,1.562838514430246,0.2989983831242116,-0.1222816606444665,0.4394250643804377,-1.035055088809936,-0.4031350231569187,-0.7542017262974838,-0.2627083419006926,-0.8244150669255969,0.0883583612398725,-0.2627083419006926,-0.7542017262974838,-0.1924950012725795,-0.5435617044131448,0.8607051081491158,0.1585717018679855,-1.3861217919505011,-0.9648417481818228,-0.5435617044131448,0.930918448777229,1.6330518550583593,0.8607051081491158,1.141558470661568,-0.1222816606444665,0.2287850424960986,-0.4733483637850317,-0.7542017262974838,-0.1924950012725795,-0.1222816606444665,-0.7542017262974838,-0.8244150669255969,0.5096384050085507,0.4394250643804377,0.4394250643804377,-0.6839883856693708,-0.8244150669255969,0.7904917675210028,-0.8244150669255969,0.3692117237523246,0.8607051081491158,-0.2627083419006926,-0.9648417481818228,-0.6137750450412578,-0.3329216825288056,0.1585717018679855,1.42241183317402,1.42241183317402,-0.2627083419006926
total_phenols,0.8089973946320397,0.5686476623890726,0.8089973946320397,2.4914455203328107,0.8089973946320397,1.5620932223266708,0.3282979301461054,0.4885310849747504,0.8089973946320397,1.0974170733236006,1.0493471268750074,-0.1524015343398287,0.4885310849747504,1.2896968591179747,1.6101631687752638,0.8891139720463626,0.8089973946320397,1.0493471268750074,1.6101631687752638,0.6487642398033954,1.1294637042893296,0.1840880908003253,0.5045544004576146,0.2962512991803764,0.3763678765946985,0.5366010314233436,0.8891139720463626,0.1680647753174604,1.0493471268750074,0.5686476623890726,1.1294637042893296,0.9051372875292266,0.2001114062831894,1.0493471268750074,0.0879481979031383,0.6487642398033954,0.4885310849747504,0.2481813527317833,0.1680647753174604,1.1294637042893296,1.3698134365322967,0.2481813527317833,1.5300465913609418,0.5526243469062084,1.1294637042893296,0.8891139720463626,1.5300465913609418,1.2896968591179747,0.7288808172177176,0.9371839184949556,0.6808108707691244,0.2481813527317833,2.539515466781404,1.1294637042893296,0.4885310849747504,1.0653704423578716,1.4499300139466196,1.1294637042893296,1.7703963236039089,-0.5049144749628477,-0.3927512665827966,-0.4408212130313897,-0.3126346891684737,1.9306294784325535,-0.6491243143086283,0.2001114062831894,1.0974170733236006,-0.2966113736856096,0.3763678765946985,-0.7132175762400859,-1.914966237454922,1.0493471268750074,-0.6651476297914927,1.6101631687752638,1.7383496926381798,-1.0977771478288334,-0.5529844214114412,-0.9215206775173244,-0.6331009988257638,0.8570673410806335,0.2001114062831894,-0.1524015343398287,-0.4728678439971187,-1.0336838858973758,-0.1524015343398287,-0.1524015343398287,-0.8253807846201373,-0.6010543678600347,-0.5529844214114412,-0.1524015343398287,-1.113800463311698,-1.354150195554665,-1.466313403934717,0.2481813527317833,1.1615103352550586,0.3282979301461054,-1.113800463311698,0.4084145075604276,1.9626761093982827,0.8891139720463626,-0.1043315878912356,-1.354150195554665,0.4244378230432924,0.3282979301461054,-0.1524015343398287,-0.9856139394487824,-1.0336838858973758,-1.466313403934717,0.1039715133860024,0.7128575017348534,1.4178833829808906,0.4084145075604276,-0.8734507310687308,0.2962512991803764,0.4244378230432924,0.2642046682146474,-0.5049144749628477,-0.4728678439971187,-1.0657305168631048,-0.4728678439971187,0.9692305494606848,1.4178833829808906,-0.1524015343398287,0.5205777159404794,0.9051372875292266,0.4885310849747504,0.7128575017348534,-0.2645647427198806,-0.1203549033740997,-0.3126346891684737,-1.2580103026574785,-1.5944999277976326,-1.8348496600406,-0.9535673084830532,-0.4728678439971187,-1.081753832345969,-1.466313403934717,-0.8093574691372728,-1.081753832345969,0.0398782514545444,-1.2099403562088848,-1.434266772968988,-1.1939170407260205,-0.4728678439971187,-1.466313403934717,-1.2740336181403429,-2.107246023249296,-0.9535673084830532,-0.5850310523771702,-1.4182434574861231,-1.434266772968988,-1.306080249106072,-0.1524015343398287,-0.7933341536544083,-1.306080249106072,-0.8894740465515953,-0.7933341536544083,-0.6331009988257638,0.8089973946320397,0.4885310849747504,0.0078316204888154,-0.7452642072058149,-1.0336838858973758,-1.4502900884518524,-1.51438335038331,-1.6265465587633616,-0.9535673084830532,-1.306080249106072,-1.1939170407260205,-0.5049144749628477,-1.674616505211955,-1.4502900884518524,-0.9856139394487824,-0.9856139394487824,-0.7933341536544083,-1.1298237787945624,-1.0336838858973758,-0.3927512665827966
flavanoids,1.0348189581307363,0.7336289414294697,1.215532968151496,1.466524648735885,0.663351270865841,1.3661279765021292,0.4926769280684568,0.4826372608450811,0.954501620343732,1.125175963141116,1.2958503059385005,0.402319923058077,0.7336289414294697,1.6673179932033957,1.6171196570865178,0.8842239497801032,1.1151362959177409,1.3761676437255046,1.9082700065644087,1.0046999564606094,1.1452552975878671,0.382240588611326,0.8541049481099763,0.3420819197178237,0.5830339330788366,0.6533116036424657,0.9143429514502296,0.1613679096970638,0.9444619531203564,0.3019232508243215,1.2255726353748717,1.1653346320346183,0.663351270865841,0.713549606982719,0.5027165952918322,0.954501620343732,0.6533116036424657,0.402319923058077,0.6131529347489635,1.0147396236839852,1.2657313042683738,0.6533116036424657,1.5368023192995135,0.6031132675255877,0.974580954790483,0.6231926019723388,1.1452552975878671,1.3661279765021292,0.8942636170034786,1.5167229848527624,1.2456519698216226,0.9645412875671076,1.7175163293202735,0.7637479430995966,0.8741842825567274,0.7537082758762208,0.974580954790483,1.2054933009281206,1.6472386587566443,-1.4650581804897744,-0.942995484874246,-0.6217261337262288,-0.2402187792379579,1.0749776270242386,-0.2803774481314601,0.6231926019723388,1.155294964811243,-0.0293857675470714,-0.7321624731833596,-0.7522418076301107,-1.0132731554378749,0.8340256136632253,-0.1900204431210801,0.8641446153333521,0.1111695735801862,-0.4610914581522198,0.0007332341230549,-0.7120831387366084,-0.1799807758977046,0.5227959297385832,0.2316455802606924,0.5027165952918322,-0.4510517909288443,-0.4410121237054688,0.1814472441438149,-0.0896237708873248,-0.3406154514717134,-0.4209327892587176,-0.3406154514717134,-0.4410121237054688,-0.5313691287158487,-0.7823608093002373,-0.5715277976093509,0.2216059130373171,0.2316455802606924,0.2416852474840682,-1.0433921571080016,0.4725975936217057,1.7275559965436489,0.9645412875671076,0.1412885752503127,-0.6719244698431063,0.0810505719100593,-0.3908137875885912,-0.1097031053340759,-0.1900204431210801,0.0007332341230549,-0.2703377809080846,0.0107729013464307,0.8942636170034786,0.5529149314087102,0.2416852474840682,0.0007332341230549,-0.0193461003236961,0.2617645819308193,0.1412885752503127,-0.4309724564820932,0.0609712374633082,-0.7823608093002373,-0.3908137875885912,0.7637479430995966,3.0628317372525964,0.1011299063568104,0.6231926019723388,1.0046999564606094,0.6231926019723388,1.125175963141116,0.2115662458139418,0.4223992575048282,-0.2803774481314601,-0.7823608093002373,-0.812479810970364,-0.942995484874246,-0.8325591454171151,-1.4550185132663989,-1.3747011754793943,-1.56545485272353,-1.4349391788196475,-1.5554151855001543,-1.4349391788196475,-1.5353358510534032,-1.5353358510534032,-1.515256516606652,-1.2341458343521368,-1.254225168798888,-1.4851375149365251,-1.695970526627412,-1.38474084270277,-1.274304503245639,-0.6418054681729798,-0.4610914581522198,-0.6719244698431063,-0.7522418076301107,-1.20402683268201,-1.4550185132663989,-1.4048201771495212,-1.20402683268201,-1.4550185132663989,-0.722122805959984,-0.9329558176508704,-1.1136698276716304,-1.4750978477131498,-1.4349391788196475,-1.3345425065858922,-1.3546218410326432,-1.56545485272353,-1.1136698276716304,-1.3747011754793943,-1.1939871654586347,-1.073511158778128,-1.5453755182767788,-1.5252961838300276,-1.3345425065858922,-1.4248995115962724,-1.2843441704690146,-1.3445821738092678,-1.3546218410326432,-1.274304503245639
nonflavanoid_phenols,-0.6595631143050643,-0.8207192355765833,-0.4984069930335457,-0.9818753568481025,0.2267955526882897,-0.1760947504905075,-0.4984069930335457,-0.4178289323977861,-0.5789850536693052,-1.1430314781196214,-1.1430314781196214,-0.8207192355765833,-0.5789850536693052,0.5491077952313275,-0.5789850536693052,-0.4984069930335457,-0.256672811126267,0.3073736133240493,-0.3372508717620266,-1.5459217812984185,-0.9818753568481025,-0.9012972962123428,-0.7401411749408239,-0.8207192355765833,-0.6595631143050643,0.8714200377743652,-0.1760947504905075,-0.7401411749408239,0.0656394314167706,-0.8207192355765833,-0.5789850536693052,-1.1430314781196214,0.4685297345955679,1.1131542196816435,-0.5789850536693052,-0.8207192355765833,-0.1760947504905075,-0.5789850536693052,-0.6595631143050643,-1.30418759939114,-0.1760947504905075,-0.7401411749408239,-1.5459217812984185,-0.3372508717620266,-0.6595631143050643,-0.4984069930335457,-0.7401411749408239,-1.223609538755381,-0.3372508717620266,-0.3372508717620266,-1.5459217812984185,-1.1430314781196214,-0.3372508717620266,0.2267955526882897,-1.223609538755381,-1.30418759939114,-0.8207192355765833,-0.4178289323977861,-1.3847656600268996,-0.6595631143050643,2.1606690079465167,1.3548884015889224,-0.3372508717620266,-1.3847656600268996,0.7102639165028465,0.0656394314167706,-0.8207192355765833,-0.7401411749408239,1.5160445228604411,-1.787655963205697,0.0656394314167706,-1.223609538755381,-0.7401411749408239,-1.223609538755381,-1.8682340238414563,-0.1760947504905075,-0.9818753568481025,0.5491077952313275,-0.0955166898547484,0.5491077952313275,-0.4984069930335457,-0.8207192355765833,0.3073736133240493,1.9995128866749976,-1.1430314781196214,-0.4984069930335457,0.5491077952313275,0.3073736133240493,0.9519980984101246,0.4685297345955679,1.2743103409531629,1.1131542196816435,1.7577787047677191,-0.9012972962123428,-1.5459217812984185,-0.3372508717620266,-1.787655963205697,-0.5789850536693052,-0.9818753568481025,0.7102639165028465,-0.8207192355765833,-0.5789850536693052,-0.1760947504905075,0.0656394314167706,-0.3372508717620266,2.4024031898537954,0.0656394314167706,0.9519980984101246,0.2267955526882897,-0.5789850536693052,-0.9818753568481025,-0.8207192355765833,1.9189348260392385,0.4685297345955679,0.5491077952313275,1.2743103409531629,-0.4984069930335457,-0.1760947504905075,0.5491077952313275,0.0656394314167706,-0.3372508717620266,0.8714200377743652,0.5491077952313275,-0.4984069930335457,-1.223609538755381,0.0656394314167706,0.2267955526882897,1.7577787047677191,0.3073736133240493,0.4685297345955679,-1.223609538755381,-0.9818753568481025,-0.7401411749408239,-1.5459217812984185,1.9189348260392385,2.1606690079465167,1.3548884015889224,2.1606690079465167,1.7577787047677191,1.3548884015889224,1.3548884015889224,0.0656394314167706,1.1131542196816435,0.8714200377743652,-0.5789850536693052,0.5491077952313275,0.3073736133240493,0.8714200377743652,0.7102639165028465,-0.1760947504905075,-1.1430314781196214,-0.9818753568481025,-0.8207192355765833,1.9995128866749976,1.3548884015889224,1.9995128866749976,0.9519980984101246,2.1606690079465167,1.3548884015889224,1.2743103409531629,1.1131542196816435,1.1131542196816435,1.9189348260392385,0.3073736133240493,0.3879516739598083,1.2743103409531629,0.5491077952313275,0.3073736133240493,0.2267955526882897,-0.7401411749408239,0.3073736133240493,0.9519980984101246,0.6296858558670869,1.2743103409531629,0.5491077952313275,0.5491077952313275,1.3548884015889224,1.596622583496201
proanthocyanins,1.2248839840604524,-0.5447209874470061,2.1359677317672627,1.0321547297378582,0.4014044428639123,0.6642170623947229,0.6817379036967769,-0.5972835113531684,0.6817379036967769,0.4539669667700745,1.3825715557789386,-0.0366165896874388,0.3838836015618582,2.1359677317672627,2.398780351298073,-0.2293458440100334,0.6642170623947229,0.2261960298433717,0.4714878080721285,0.1210709820310473,0.8919879993214256,0.6817379036967769,0.1736335059372095,-0.2293458440100334,0.1210709820310473,0.5766128558844525,-0.2468666853120875,-0.4220750983326277,0.2962793950515879,0.6817379036967769,1.3825715557789386,0.6291753797906147,0.6642170623947229,-0.4220750983326277,-0.0891791135936009,0.4714878080721285,-0.4045542570305737,-0.2643875266141416,-0.3870334157285196,0.8569463167173175,1.3124881905707224,-0.1943041614059253,0.1911543472392635,0.1210709820310473,0.7693421102070468,-0.5972835113531684,1.0496755710399115,0.9620713645296418,1.3825715557789386,0.8569463167173175,2.311176144787803,1.2248839840604524,0.4890086493741826,0.1561126646351554,0.0509876168228314,1.505217444893317,0.7693421102070468,0.1210709820310473,0.7868629515091012,-2.0515133394236544,-2.0690341807257084,-1.7010965133825733,-1.5083672590599788,0.4890086493741826,-0.9827420199983572,0.8569463167173175,1.207363142758398,-0.9652211786963032,-2.0515133394236544,1.5928216514035871,-0.2293458440100334,0.4890086493741826,-0.9827420199983572,0.6466962210926688,0.1035501407289932,-0.772491924373709,-0.2293458440100334,-1.12290875041479,2.0483635252569923,0.6291753797906147,-0.2819083679161956,0.313800236353642,-0.3344708918223578,0.0509876168228314,1.3300090318727769,-0.2293458440100334,-0.0541374309894928,-0.4395959396346818,-0.4220750983326277,-0.3695125744264659,0.0860292994269392,0.0685084581248851,0.0509876168228314,0.699258744998831,-0.4220750983326277,2.9594472729638026,-0.0541374309894928,0.313800236353642,0.6291753797906147,2.1359677317672627,-0.3344708918223578,-0.4220750983326277,-0.4921584635408439,-0.2994292092182497,-0.1943041614059253,-0.2994292092182497,0.0685084581248851,0.0685084581248851,0.8569463167173175,1.5753008101015336,3.4850725120254245,-0.6498460352593305,-0.9477003373942492,-0.2643875266141416,-0.9652211786963032,0.7343004276029387,-0.106699954895655,0.0334667755207774,-1.3331588460394383,0.4890086493741826,0.4189252841659663,0.4890086493741826,0.2086751885413176,0.7343004276029387,2.311176144787803,-0.4220750983326277,0.313800236353642,0.2962793950515879,0.5415711732803444,-0.4220750983326277,-1.140429591716844,-1.3331588460394383,-1.3331588460394383,-1.3156380047373843,-0.5972835113531684,-1.140429591716844,-1.3857213699456004,-0.8600961308839788,-1.245554639529168,-1.3682005286435464,-1.4733255764558706,-1.666054830778465,-1.8237424024969515,-1.0002628613004114,-0.7900127656757631,-0.509679304842898,-1.5959714655702488,-1.280596322133276,-0.5972835113531684,-0.7900127656757631,-0.5972835113531684,-0.5797626700511143,-0.0541374309894928,0.4890086493741826,-0.3344708918223578,-0.0716582722915469,-0.0541374309894928,-0.7900127656757631,1.9432384774446685,1.2248839840604524,-0.9652211786963032,-1.3857213699456004,-1.1053879091127357,-1.140429591716844,-0.9827420199983572,-0.772491924373709,-0.2293458440100334,-1.0878670678106817,-0.0891791135936009,-0.8425752895819248,-1.5083672590599788,-1.666054830778465,-0.6148043526552224,-0.9301794960921952,-0.3169500505203038,-0.4220750983326277,-0.2293458440100334,-0.4220750983326277
color_intensity,0.2517168498188536,-0.2933213287130475,0.2690196491373267,1.1860680130163983,-0.3192755276907569,0.731869530906481,0.0830145564637414,-0.0034994401286238,0.0613860573156502,0.9351774228985392,0.2992995479446546,-0.0251279392767151,0.2344140505003805,0.1479000539080155,1.0562970181278508,0.9697830215354856,0.4939560402774766,0.6669840334622069,1.575380997682042,0.0181290590194673,0.2560425496484722,-0.2414129307576283,-0.5442119188309068,-0.4879778210458693,-0.6653315140602182,-0.6393773150825085,-0.1116419358690804,-0.4793264213866327,-0.2414129307576283,-0.1548989341652629,0.2776710487965634,0.7967550283507551,-0.5269091195124338,0.1479000539080155,-0.3711839256461761,0.0181290590194673,-0.1981559324614458,-0.3495554264980849,-0.5874689171270893,0.0181290590194673,0.4636761414701486,-0.33657832700923,0.1608771533968701,-0.3019727283722838,-0.007825139958242,0.0786888566341233,-0.0683849375728976,0.4506990419812937,0.4939560402774766,1.661894994274408,0.926526023239303,0.2344140505003805,0.8616405257950288,0.5372130385736591,0.3425565462408371,0.5155845394255678,0.5718186372106052,0.4074420436851112,0.7534980300545723,-1.3444663873102856,-0.7734740098006747,0.2992995479446546,-0.5442119188309068,-0.2630414299057195,-0.9118964043484592,-0.1981559324614458,0.1046430556118327,-0.1635503338244996,-0.8167310080968574,-0.9551534026446418,-0.8686394060522766,-0.7258913116748739,-0.5701661178086163,-0.7388684111637286,-0.7994282087783843,-0.5442119188309068,-0.1981559324614458,-1.0416673992370071,-0.7172399120156373,-1.0762729978739531,-1.106552896681281,-0.5009549205347241,-1.236323891569829,-0.1116419358690804,-0.8686394060522766,-1.054644498725862,-1.1281813958293725,-1.0632958983850984,-0.9767819017927332,-1.4353060837322689,-1.1498098949774638,-0.6307259154232719,-0.8686394060522766,-1.2579523907179202,-0.7821254094599113,-1.0632958983850984,-1.106552896681281,-0.9335249034965504,-0.2414129307576283,-1.1930668932736463,-0.76049691031182,-1.1281813958293725,-0.9767819017927332,-1.2968836891844846,-0.9162221041780776,-1.0200389000889156,-0.7172399120156373,-0.76049691031182,-1.0200389000889156,-1.0416673992370071,-0.9335249034965504,-1.3228378881621945,-0.5442119188309068,-0.8556623065634217,-0.9335249034965504,-1.3660948864583768,-1.3444663873102856,-1.2968836891844846,-0.7172399120156373,-1.634288275894709,-0.7821254094599113,0.4074420436851112,-1.288232289525248,-1.0632958983850984,-0.9767819017927332,-0.9940847011112064,-0.483652121216251,-0.8902679052003678,-1.270929490206775,-1.0632958983850984,-0.414440923942359,0.1479000539080155,0.2776710487965634,-0.0251279392767151,0.1695285530561068,0.8832690249431201,-0.5225834196828154,-0.0251279392767151,0.2776710487965634,-0.0597335379136612,-0.1981559324614458,0.2344140505003805,-0.3062984282019024,-0.2846699290538108,1.363421706030748,-0.4576979222385415,-0.0683849375728976,1.121182515572125,1.454261402452731,1.878179985755321,1.5321239993858595,2.483777961901878,0.8832690249431201,2.3626583666725662,1.0995540164240332,1.2293250113125815,1.7094776924002084,1.0562970181278508,3.435431924417896,2.8947194457156127,1.121182515572125,0.355533645729692,0.2257626508411442,0.0959916559525963,1.956042582688449,0.6756354331214436,2.4318695639464587,2.250190171102492,1.5580781983635694,1.4888670010896772,0.191157052204198,2.09446454466625,2.0079509806438685,1.1428110147202162,0.9697830215354856,2.2242359721247817,1.8349229874591384,1.7916659891629554
hue,0.3621772757786114,0.4060506629356774,0.3183038886215453,-0.4275436930485766,0.3621772757786114,0.4060506629356774,0.2744305014644793,0.4499240500927434,0.5376708244068755,0.2305571143074133,1.283518406076997,0.9325313088204688,0.8447845345063367,1.283518406076997,1.064151470291667,1.4151385675481951,0.4937974372498094,0.7570377601922047,1.195771631762865,0.0111901785220831,0.5815442115639415,0.3183038886215453,0.6692909858780736,0.5815442115639415,0.7131643730351397,0.7570377601922047,-0.1643033701061804,0.2744305014644793,1.283518406076997,0.3621772757786114,1.0202780831346008,0.5815442115639415,1.195771631762865,1.283518406076997,0.6254175987210076,0.3621772757786114,0.5815442115639415,0.7131643730351397,0.9764046959775348,-0.2959235315773785,-0.0326832086349828,-0.2081767572632465,-0.3397969187344446,-0.6030372416768408,-0.3397969187344446,-0.3836703058915106,0.3621772757786114,-0.2081767572632465,0.4937974372498094,0.7131643730351397,0.7131643730351397,1.239645018919931,0.2305571143074133,0.7570377601922047,-0.1643033701061804,0.0989369528362152,-0.0765565957920489,0.4937974372498094,-0.2959235315773785,0.4060506629356774,1.283518406076997,0.0989369528362152,1.195771631762865,1.151898244605799,2.1609861492183167,1.0202780831346008,0.7131643730351397,0.7131643730351397,0.2744305014644793,1.4151385675481951,-0.2257261121260729,1.7661256648047234,0.0989369528362152,1.5467587290193932,0.1428103399932812,1.195771631762865,1.0202780831346008,0.0111901785220831,0.4499240500927434,1.0202780831346008,1.8538724391188544,0.8886579216634027,1.5467587290193932,-0.5152904673627088,-0.7346574031480384,1.195771631762865,1.6345055033335254,1.7661256648047234,0.1866837271503472,0.4937974372498094,0.5376708244068755,0.4060506629356774,0.0111901785220831,0.8447845345063367,0.8886579216634027,0.8886579216634027,-0.0326832086349828,1.195771631762865,0.3621772757786114,2.029365987747118,1.371265180391129,0.3621772757786114,-0.6907840159909724,-0.0765565957920489,0.3621772757786114,-0.4275436930485766,0.1866837271503472,-0.3397969187344446,-0.4275436930485766,0.0111901785220831,-0.9101509517763026,-0.2520501444203125,1.195771631762865,0.6254175987210076,-0.1204299829491144,3.301694215302033,-0.0326832086349828,0.4499240500927434,-1.1295178875616327,-0.1204299829491144,-0.6907840159909724,-0.1204299829491144,-0.1643033701061804,-0.9978977260904346,-0.9101509517763026,-0.4275436930485766,-1.1733912747186988,0.0550635656791491,-0.2959235315773785,-0.7346574031480384,-0.8662775646192364,-0.9540243389333686,-1.3050114361898963,-0.7785307903051044,-0.9101509517763026,-0.9978977260904346,-0.9101509517763026,-0.6030372416768408,-0.6469106288339064,-0.2959235315773785,-0.8224041774621704,-1.1295178875616327,-0.2959235315773785,-0.2081767572632465,-1.3488848233469624,-1.5682517591322924,-1.6559985334464244,-1.8314920820746885,-1.787618694917622,-1.6998719206034905,-1.6121251462893584,-2.0947324050170844,-1.5243783719752264,-1.743745307760556,-1.6559985334464244,-1.5682517591322924,-1.6998719206034905,-1.2611380490328303,-1.6998719206034905,-1.6998719206034905,-1.743745307760556,0.0111901785220831,-0.3836703058915106,-1.2172646618757643,-1.1295178875616327,-0.7785307903051044,-0.4714170802056427,-1.0417711132475007,-0.9540243389333686,-1.2611380490328303,-1.3050114361898963,-1.6998719206034905,-1.4805049848181604,-1.3927582105040284,-1.1295178875616327,-1.6121251462893584,-1.5682517591322924,-1.5243783719752264
od280/od315_of_diluted_wines,1.847919566506652,1.113449302525822,0.7885874549958394,1.1840714432932098,0.4496011793123797,0.3366057540845596,1.367689009288417,1.367689009288417,0.3366057540845596,1.325315724827984,0.7885874549958394,0.2942324696241268,0.4072278948519469,0.1671126162428295,0.5484721763867221,0.3789790385449919,0.0541171910150094,-0.0588782342128106,0.2942324696241268,1.0569515899119115,1.5513065752836244,1.282942440367552,1.960914991734472,1.4383111500558043,1.7066752849718767,0.8309607394562722,0.8592095957632273,0.2236103288567396,1.113449302525822,1.3818134374418942,0.1388637599358745,0.3789790385449919,0.3648546103915147,0.5484721763867221,0.3648546103915147,1.2123202996001647,0.2377347570102168,-0.1436248031336756,0.1106149036289195,1.2970668685210291,1.085200446218867,0.5484721763867221,1.339440152981462,0.5484721763867221,1.0428271617584346,1.0145783054514796,1.169947015139732,1.0145783054514796,0.1953614725497846,0.6897164579214972,0.4213523230054247,1.0710760180653895,0.9157073083771368,0.4496011793123797,0.8309607394562722,0.5908454608471543,0.9863294491445246,0.3224813259310818,0.3648546103915147,-1.1182103457236228,-1.3300767680257852,-1.443072193253605,-0.2142469439010629,0.3648546103915147,-0.5391087914310454,-0.440237794356703,0.8027118831493172,1.226444727753642,-0.9628416360353704,0.6473431734610643,-1.1182103457236228,0.7744630268423622,0.2377347570102168,1.254693584060597,0.7320897423819294,-0.6662286448123427,-0.1859980875941078,-0.1295003749801978,-0.4261133662032252,0.7320897423819294,0.7179653142284521,0.7462141705354072,0.1529881880893523,-0.8498462108075506,0.6614676016145421,0.7744630268423622,-0.4967355069706131,0.8450851676097495,0.1953614725497846,0.8450851676097495,-0.4826110788171353,0.0541171910150094,-0.7792240700401627,0.9722050209910468,0.491974463772812,0.0258683347080544,-0.4967355069706131,0.1812370443963074,0.2236103288567396,0.3083568977776046,0.491974463772812,0.2236103288567396,1.085200446218867,-0.2424958002080179,1.3535645811349393,0.9722050209910468,0.7885874549958394,-0.270744656514973,0.576721032693677,0.9157073083771368,0.2801080414706496,0.2377347570102168,-0.1577492312871528,-0.4261133662032252,0.8168363113027944,0.3648546103915147,1.0145783054514796,0.491974463772812,-0.6944775011192976,0.6190943171541092,1.0993248743723447,1.5230577189766694,0.7179653142284521,0.6897164579214972,1.4524355782092822,0.9439561646840916,0.3224813259310818,-0.2424958002080179,0.2377347570102168,-0.0588782342128106,-1.8668050378579304,-1.6831874718627229,-1.7679340407835875,-1.8668050378579304,-1.5560676184814253,-1.4571966214070826,-1.895053894164885,-1.3018279117188305,-1.1182103457236228,-0.6521042166588654,-0.4261133662032252,-0.200122515747585,-0.7792240700401627,-0.7933484981936405,-0.8639706389610278,-1.315952339872308,-1.81030732524402,-1.0617126331097126,-1.4006989087931725,-1.81030732524402,-1.8526806097044528,-1.6125653310953352,-1.81030732524402,-1.5560676184814253,-1.4995699058675152,-1.5984409029418578,-1.3724500524862178,-1.2453301991049202,-0.9204683515749378,-1.174708058337533,-1.4571966214070826,-1.1182103457236228,-0.7086019292727754,-1.2170813427979652,-1.315952339872308,-1.2170813427979652,-1.4854454777140376,-1.2170813427979652,-1.1464592020305775,-0.976966064188848,-1.1040859175701452,-1.3865744806396954,-1.273579055411875,-1.2312057709514428,-1.4854454777140376,-1.4854454777140376,-1.4006989087931725,-1.4289477651001277
proline,1.0130089267476907,0.9652415206686004,1.3951481753804136,2.3345738282691912,-0.0378740069922976,2.2390390161110103,1.7295200179340462,1.7454424866270764,0.94931905197557,0.94931905197557,2.430108640427372,1.697675080547986,1.825054830092227,1.2836908945292027,2.5479349087557948,1.7932098927061668,1.697675080547986,1.2200010197570823,2.971472575990396,0.3124203042543651,0.1054282112449735,0.0735832738589132,0.91747411458951,0.8537842398173894,0.3124203042543651,0.2646528981752747,1.426993112766474,1.713597549241016,0.5353348659567869,0.91747411458951,1.713597549241016,2.446031109120402,0.7741718963522388,1.554372862310715,1.1085437389058714,0.551257334649817,0.423877585105576,1.1403886762919315,0.8697067085104195,0.041738336472853,0.1531956173240639,0.91747411458951,1.1085437389058714,-0.2130211626156289,0.4398000537986061,1.060776332826781,1.0130089267476907,0.7582494276592087,0.9970864580546606,1.6339852057758657,1.2836908945292027,1.6499076744688956,1.4110706440734435,2.000201985715558,0.9970864580546606,1.188156082371022,0.7104820215801183,1.6658301431619258,1.713597549241016,-0.722540160792593,-0.2130211626156289,-0.9454547224950148,-0.3722458495459302,-1.0409895346531954,-1.247981627662587,-0.219390150092841,-0.7798610480875015,-0.7543850981786533,0.0098933990867927,-0.0920104005486,0.3920326477195158,-1.0728344720392555,-0.8753958602456822,0.7582494276592087,0.4429845475372121,-1.0155135847443473,-1.1301553593341642,-0.7862300355647135,0.0098933990867927,-0.9040563038931364,-1.493187645535251,-0.1047483755030241,-0.3722458495459302,-0.7384626294856231,-0.722540160792593,-0.9454547224950148,-0.8021525042577436,-0.5887914237711399,-0.2130211626156289,-0.3881683182389603,-0.849919910336834,-0.9454547224950148,-0.8021525042577436,-1.4549737206719788,-1.2798265650486471,0.6053937282061195,-0.3881683182389603,-1.0155135847443473,-0.2767110373877495,-1.0855724469936798,-0.1174863504574482,-0.5887914237711399,-0.9836686473582872,-1.0569120033462256,-0.2384971125244772,-1.375361377206828,-0.7543850981786533,-0.8244439604279857,-1.3849148584226465,-0.2130211626156289,-0.5887914237711399,-1.343516439820768,-0.4454892055338688,-0.9964066223127112,-1.1524468155044063,-1.0823879532550738,-0.8021525042577436,-1.2798265650486471,-1.1938452341062846,-0.5824224362939279,-0.3881683182389603,-0.8976873164159244,-1.216136690276527,-1.1683692841974365,-1.1683692841974365,-1.1747382716746486,-1.2575351088784053,-0.8945028226773183,-1.2893800462644651,-0.5314705364762314,-0.3722458495459302,-0.6906952234065328,-0.595160411248352,-0.467780661704111,-0.3085559747738097,-0.1652537565365386,-0.0856414130713879,-0.7384626294856231,-0.5314705364762314,-0.4996255990901712,-0.467780661704111,0.1054282112449735,-0.722540160792593,-0.6270053486344123,0.3442652416404254,0.2646528981752747,-1.0569120033462256,-0.3881683182389603,-0.3085559747738097,-0.6270053486344123,-0.7862300355647135,-0.849919910336834,-1.0250670659601653,-0.2289436313086591,-0.34040091215987,-0.0697189443783578,-0.849919910336834,0.423877585105576,-0.2767110373877495,-0.4040907869319904,-0.722540160792593,-0.2130211626156289,-0.5633154738622917,-0.2289436313086591,-0.4200132556250206,-0.722540160792593,-0.1652537565365386,-0.1970986939225988,0.0098933990867927,-0.3722458495459302,-0.7543850981786533,-0.8817648477228942,-0.2767110373877495,-0.0219515382992674,0.0098933990867927,0.2805753668683048,0.296497835561335,-0.595160411248352
