gene,protein_position,amino_acid_change,mutation_type,sample_count,domain
GENE_X,34,p.A34R,Missense,1,Other
GENE_X,45,p.T45P,Missense,7,Other
GENE_X,115,p.Y115H,Frameshift,10,Other
GENE_X,188,p.P188F,Nonsense,6,Other
GENE_X,193,p.H193I,Missense,9,Other
GENE_X,210,p.V210L,In_frame_del,11,Other
GENE_X,273,p.N273V,In_frame_del,6,Other
GENE_X,322,p.P322K,Missense,5,Kinase
GENE_X,341,p.H341T,Missense,4,Kinase
GENE_X,346,p.G346Q,Missense,7,Kinase
GENE_X,400,p.G400R,Frameshift,7,Kinase
GENE_X,435,p.Q435F,Frameshift,7,Kinase
GENE_X,476,p.Y476G,Missense,6,Kinase
GENE_X,494,p.R494T,In_frame_del,1,Kinase
GENE_X,511,p.R511Y,Missense,4,Kinase
GENE_X,519,p.M519R,Missense,1,Kinase
GENE_X,551,p.H551W,Missense,7,Kinase
GENE_X,559,p.I559H,Nonsense,6,Kinase
GENE_X,561,p.R561L,Nonsense,5,Kinase
GENE_X,570,p.R570V,Missense,6,Kinase
GENE_X,575,p.E575Q,Frameshift,2,Kinase
GENE_X,597,p.V597M,Nonsense,1,Kinase
GENE_X,661,p.L661K,Missense,7,Other
GENE_X,664,p.E664C,Missense,9,Other
GENE_X,668,p.H668T,Nonsense,9,Other
GENE_X,695,p.C695T,Nonsense,10,Other
GENE_X,733,p.Y733N,Missense,5,SH2
GENE_X,746,p.F746I,Missense,9,SH2
GENE_X,771,p.M771L,Missense,1,SH2
GENE_X,782,p.Y782*,Frameshift,8,SH2
GENE_X,798,p.Y798V,Missense,10,SH2
GENE_X,806,p.D806L,In_frame_del,3,SH2
GENE_X,826,p.P826N,Missense,1,Other
GENE_X,850,p.M850W,Frameshift,11,Other
GENE_X,895,p.R895H,Nonsense,2,Other
GENE_X,907,p.A907A,Missense,8,Other
GENE_X,916,p.T916F,Frameshift,3,Other
GENE_X,926,p.V926M,Nonsense,2,Other
GENE_X,940,p.G940N,Missense,9,Other
