cell_id,sample_id,condition,pseudotime,score
C0001,Con_S2,Control,0.2465,2.015
C0002,Con_S3,Control,0.0985,2.667
C0003,Con_S1,Control,0.31,3.699
C0004,Con_S1,Control,0.2732,3.324
C0005,Con_S2,Control,0.3108,3.066
C0006,Con_S1,Control,0.2185,3.392
C0007,Con_S3,Control,0.2996,3.715
C0008,Con_S3,Control,0.4001,3.365
C0009,Con_S1,Control,0.2788,4.373
C0010,Con_S1,Control,0.0918,2.944
C0011,Con_S3,Control,0.7445,3.529
C0012,Con_S1,Control,0.4217,3.791
C0013,Con_S3,Control,0.4879,3.768
C0014,Con_S1,Control,0.4802,3.538
C0015,Con_S1,Control,0.2039,4.028
C0016,Con_S3,Control,0.0607,3.025
C0017,Con_S3,Control,0.6129,3.751
C0018,Con_S2,Control,0.6206,5.539
C0019,Con_S2,Control,0.1405,1.446
C0020,Con_S3,Control,0.3193,2.893
C0021,Con_S3,Control,0.5342,4.611
C0022,Con_S3,Control,0.6095,4.1
C0023,Con_S3,Control,0.7702,5.058
C0024,Con_S3,Control,0.1238,3.872
C0025,Con_S3,Control,0.6743,4.939
C0026,Con_S1,Control,0.5482,3.691
C0027,Con_S3,Control,0.4553,4.012
C0028,Con_S3,Control,0.4651,3.207
C0029,Con_S2,Control,0.366,3.324
C0030,Con_S1,Control,0.3145,4.286
C0031,Con_S2,Control,0.3901,3.292
C0032,Con_S2,Control,0.577,3.92
C0033,Con_S3,Control,0.1372,3.645
C0034,Con_S1,Control,0.1826,3.799
C0035,Con_S3,Control,0.1166,3.38
C0036,Con_S2,Control,0.3899,4.542
C0037,Con_S3,Control,0.2482,2.637
C0038,Con_S1,Control,0.6128,4.419
C0039,Con_S3,Control,0.4185,3.44
C0040,Con_S1,Control,0.2852,3.931
C0041,Con_S3,Control,0.5296,3.395
C0042,Con_S3,Control,0.1624,3.689
C0043,Con_S3,Control,0.3755,5.045
C0044,Con_S1,Control,0.2555,2.415
C0045,Con_S1,Control,0.732,4.206
C0046,Con_S3,Control,0.1422,3.291
C0047,Con_S3,Control,0.5084,4.769
C0048,Con_S2,Control,0.2916,4.055
C0049,Con_S3,Control,0.1645,2.521
C0050,Con_S1,Control,0.0,3.114
C0051,Con_S2,Control,0.2731,3.089
C0052,Con_S3,Control,0.7026,4.666
C0053,Con_S1,Control,0.3877,5.356
C0054,Con_S1,Control,0.2576,3.754
C0055,Con_S1,Control,0.2136,2.441
C0056,Con_S2,Control,0.4352,3.455
C0057,Con_S1,Control,0.4252,3.919
C0058,Con_S2,Control,0.0792,2.401
C0059,Con_S2,Control,0.5679,3.887
C0060,Con_S2,Control,0.4107,3.207
C0061,Con_S2,Control,0.5373,4.898
C0062,Con_S3,Control,0.5538,3.178
C0063,Con_S2,Control,0.5243,3.473
C0064,Con_S3,Control,0.4059,3.716
C0065,Con_S3,Control,0.1116,3.992
C0066,Con_S1,Control,0.2657,2.961
C0067,Con_S3,Control,0.5211,2.741
C0068,Con_S3,Control,0.2878,2.147
C0069,Con_S3,Control,0.1822,2.337
C0070,Con_S1,Control,0.3583,2.681
C0071,Con_S1,Control,0.186,2.72
C0072,Con_S3,Control,0.3332,3.218
C0073,Con_S2,Control,0.377,4.432
C0074,Con_S2,Control,0.1521,2.909
C0075,Con_S2,Control,0.1957,2.704
C0076,Con_S2,Control,0.0,2.435
C0077,Con_S1,Control,0.4899,4.704
C0078,Con_S1,Control,0.7978,3.981
C0079,Con_S2,Control,0.2821,3.451
C0080,Con_S2,Control,0.2601,2.921
C0081,Con_S2,Control,0.1199,3.475
C0082,Con_S1,Control,0.4885,3.787
C0083,Con_S2,Control,0.4462,4.353
C0084,Con_S2,Control,0.3097,4.425
C0085,Con_S1,Control,0.2479,3.802
C0086,Con_S2,Control,0.3247,4.123
C0087,Con_S1,Control,0.0,4.084
C0088,Con_S2,Control,0.5317,4.237
C0089,Con_S2,Control,0.311,3.166
C0090,Con_S1,Control,0.2387,3.21
C0091,Con_S1,Control,0.8081,3.643
C0092,Con_S3,Control,0.3848,3.406
C0093,Con_S1,Control,0.2335,3.895
C0094,Con_S3,Control,0.4623,4.334
C0095,Con_S3,Control,0.4474,3.381
C0096,Con_S3,Control,0.3923,4.253
C0097,Con_S3,Control,0.3696,3.256
C0098,Con_S1,Control,0.5324,4.807
C0099,Con_S1,Control,0.5446,4.589
C0100,Con_S2,Control,0.4996,3.683
C0101,Con_S2,Control,0.2613,3.407
C0102,Con_S1,Control,0.2424,2.825
C0103,Con_S1,Control,0.4444,4.061
C0104,Con_S2,Control,0.4005,4.647
C0105,Con_S1,Control,0.329,5.173
C0106,Con_S2,Control,0.2321,3.124
C0107,Con_S1,Control,0.4606,4.114
C0108,Con_S3,Control,0.444,4.636
C0109,Con_S1,Control,0.3481,4.948
C0110,Con_S2,Control,0.3266,3.236
C0111,Con_S2,Control,0.4561,4.212
C0112,Con_S1,Control,0.0535,3.3
C0113,Con_S1,Control,0.1515,2.489
C0114,Con_S1,Control,0.4797,3.837
C0115,Con_S3,Control,0.2738,2.507
C0116,Con_S2,Control,0.7962,4.543
C0117,Con_S2,Control,0.2523,4.0
C0118,Con_S1,Control,0.3573,3.916
C0119,Con_S3,Control,0.4898,3.7
C0120,Con_S3,Control,0.4287,3.904
C0121,Con_S1,Control,0.3976,3.97
C0122,Con_S2,Control,0.2794,4.642
C0123,Con_S2,Control,0.5414,5.627
C0124,Con_S1,Control,0.0625,2.704
C0125,Con_S1,Control,0.4338,3.286
C0126,Con_S2,Control,0.252,2.815
C0127,Con_S3,Control,0.6178,3.709
C0128,Con_S3,Control,0.1937,3.025
C0129,Con_S2,Control,0.2625,3.847
C0130,Con_S3,Control,0.3646,2.413
C0131,Con_S3,Control,0.1374,3.385
C0132,Con_S2,Control,0.3886,2.084
C0133,Con_S2,Control,0.4354,5.292
C0134,Con_S1,Control,0.4801,3.253
C0135,Con_S3,Control,0.5888,4.044
C0136,Con_S1,Control,0.0317,3.152
C0137,Con_S2,Control,0.4366,2.97
C0138,Con_S3,Control,0.4371,4.388
C0139,Con_S3,Control,0.6426,3.542
C0140,Con_S1,Control,0.5253,3.912
C0141,Con_S3,Control,0.3651,3.536
C0142,Con_S2,Control,0.594,4.312
C0143,Con_S1,Control,0.4879,4.495
C0144,Con_S3,Control,0.1469,4.048
C0145,Con_S3,Control,0.2104,4.763
C0146,Con_S2,Control,0.358,3.189
C0147,Con_S2,Control,0.4358,3.564
C0148,Con_S1,Control,0.3147,4.143
C0149,Con_S1,Control,0.2079,3.295
C0150,Con_S2,Control,0.7865,5.262
C0151,Con_S1,Control,0.4055,3.683
C0152,Con_S1,Control,0.2783,4.78
C0153,Con_S1,Control,0.6767,4.422
C0154,Con_S1,Control,0.2883,4.247
C0155,Con_S2,Control,0.2588,3.422
C0156,Con_S1,Control,0.1308,3.449
C0157,Con_S1,Control,0.4292,3.647
C0158,Con_S3,Control,0.7364,3.289
C0159,Con_S2,Control,0.0993,2.025
C0160,Con_S1,Control,0.2093,3.39
C0161,Con_S2,Control,0.3687,4.301
C0162,Con_S3,Control,0.2258,3.717
C0163,Con_S3,Control,0.2725,5.18
C0164,Con_S3,Control,0.2587,2.832
C0165,Con_S2,Control,0.0,3.494
C0166,Con_S3,Control,0.3102,3.89
C0167,Con_S3,Control,0.4166,4.903
C0168,Con_S2,Control,0.4814,4.161
C0169,Con_S3,Control,0.5341,5.096
C0170,Con_S2,Control,0.3121,3.507
C0171,Con_S3,Control,0.1347,2.817
C0172,Con_S3,Control,0.386,3.75
C0173,Con_S3,Control,0.2255,3.996
C0174,Con_S2,Control,0.4171,4.248
C0175,Con_S2,Control,0.0912,4.061
C0176,Con_S2,Control,0.2997,2.626
C0177,Con_S2,Control,0.19,2.674
C0178,Con_S3,Control,0.3663,3.371
C0179,Con_S1,Control,0.2876,5.06
C0180,Con_S2,Control,0.574,3.044
C0181,Con_S3,Control,0.1125,3.403
C0182,Con_S3,Control,0.5452,5.337
C0183,Con_S1,Control,0.4745,4.461
C0184,Con_S1,Control,0.5024,3.764
C0185,Con_S3,Control,0.025,3.438
C0186,Con_S1,Control,0.6001,3.908
C0187,Con_S2,Control,0.2277,3.216
C0188,Con_S2,Control,0.417,3.77
C0189,Con_S1,Control,0.1004,4.021
C0190,Con_S2,Control,0.1972,5.083
C0191,Con_S1,Control,0.2534,3.309
C0192,Con_S2,Control,0.3349,3.899
C0193,Con_S2,Control,0.6857,4.653
C0194,Con_S2,Control,0.3164,4.563
C0195,Con_S3,Control,0.5509,4.175
C0196,Con_S2,Control,0.3875,3.982
C0197,Con_S1,Control,0.3745,3.676
C0198,Con_S1,Control,0.4757,3.618
C0199,Con_S3,Control,0.3677,3.742
C0200,Con_S3,Control,0.2548,4.031
C0201,Con_S3,Control,0.3336,2.148
C0202,Con_S2,Control,0.519,2.68
C0203,Con_S3,Control,0.2385,3.297
C0204,Con_S1,Control,0.3987,5.064
C0205,Con_S2,Control,0.1994,3.739
C0206,Con_S1,Control,0.2899,2.216
C0207,Con_S3,Control,0.4689,3.379
C0208,Con_S2,Control,0.3063,3.239
C0209,Con_S2,Control,0.4661,3.064
C0210,Con_S2,Control,0.3635,4.413
C0211,Con_S1,Control,0.5434,2.495
C0212,Con_S2,Control,0.5514,3.225
C0213,Con_S2,Control,0.3137,4.507
C0214,Con_S2,Control,0.1656,1.575
C0215,Con_S2,Control,0.1843,4.058
C0216,Con_S1,Control,0.0,3.115
C0217,Con_S3,Control,0.3345,3.007
C0218,Con_S1,Control,0.4236,4.051
C0219,Con_S1,Control,0.0,3.385
C0220,Con_S1,Control,0.6254,3.912
C0221,Con_S2,Control,0.7278,4.468
C0222,Con_S3,Control,0.2165,3.493
C0223,Con_S1,Control,0.3625,2.626
C0224,Con_S2,Control,0.3537,3.478
C0225,Con_S3,Control,0.4183,3.762
C0226,Con_S1,Control,0.0802,4.297
C0227,Con_S3,Control,0.3796,4.208
C0228,Con_S3,Control,0.3728,3.835
C0229,Con_S1,Control,0.519,4.883
C0230,Con_S2,Control,0.288,4.035
C0231,Con_S1,Control,0.0,3.882
C0232,Con_S1,Control,0.0881,3.683
C0233,Con_S2,Control,0.565,3.659
C0234,Con_S1,Control,0.3143,4.027
C0235,Con_S1,Control,0.3712,4.346
C0236,Con_S3,Control,0.3294,4.373
C0237,Con_S1,Control,0.3695,3.925
C0238,Con_S1,Control,0.0873,3.382
C0239,Con_S2,Control,0.5139,4.211
C0240,Con_S2,Control,0.2969,4.18
C0241,Con_S1,Control,0.5188,4.974
C0242,Con_S3,Control,0.2808,2.899
C0243,Con_S1,Control,0.0912,2.588
C0244,Con_S1,Control,0.3234,4.099
C0245,Con_S1,Control,0.4244,3.694
C0246,Con_S2,Control,0.0011,4.192
C0247,Con_S2,Control,0.3918,4.919
C0248,Con_S3,Control,0.2575,2.451
C0249,Con_S2,Control,0.6617,4.163
C0250,Con_S1,Control,0.251,3.534
C0251,Con_S2,Control,0.1832,2.337
C0252,Con_S1,Control,0.1753,3.223
C0253,Con_S1,Control,0.775,5.283
C0254,Con_S2,Control,0.5605,4.387
C0255,Con_S2,Control,0.0187,2.258
C0256,Con_S2,Control,0.4028,4.12
C0257,Con_S3,Control,0.4407,3.362
C0258,Con_S1,Control,0.3652,3.176
C0259,Con_S1,Control,0.6385,4.677
C0260,Con_S3,Control,0.0751,3.236
C0261,Con_S1,Control,0.5246,3.968
C0262,Con_S3,Control,0.2968,4.678
C0263,Con_S3,Control,0.4182,3.359
C0264,Con_S2,Control,0.4318,2.978
C0265,Con_S2,Control,0.2261,3.406
C0266,Con_S2,Control,0.2811,4.131
C0267,Con_S3,Control,0.2168,3.461
C0268,Con_S2,Control,0.2074,3.039
C0269,Con_S1,Control,0.5642,4.673
C0270,Con_S1,Control,0.5282,3.435
C0271,Con_S2,Control,0.2452,2.848
C0272,Con_S1,Control,0.4108,3.727
C0273,Con_S1,Control,0.5275,4.923
C0274,Con_S3,Control,0.2399,2.811
C0275,Con_S3,Control,0.6106,3.333
C0276,Con_S2,Control,0.0,3.204
C0277,Con_S2,Control,0.2134,3.453
C0278,Con_S3,Control,0.4163,4.407
C0279,Con_S3,Control,0.2781,3.1
C0280,Con_S3,Control,0.311,4.619
C0281,Con_S3,Control,0.1324,3.491
C0282,Con_S3,Control,0.2809,4.476
C0283,Con_S3,Control,0.6053,4.761
C0284,Con_S2,Control,0.5269,4.344
C0285,Con_S1,Control,0.1212,2.265
C0286,Con_S3,Control,0.3648,3.265
C0287,Con_S2,Control,0.3091,3.021
C0288,Con_S3,Control,0.4425,4.609
C0289,Con_S2,Control,0.2309,2.182
C0290,Con_S3,Control,0.3223,3.306
C0291,Con_S2,Control,0.0166,2.013
C0292,Con_S2,Control,0.346,3.73
C0293,Con_S1,Control,0.3978,4.988
C0294,Con_S3,Control,0.0537,2.906
C0295,Con_S3,Control,0.3104,4.268
C0296,Con_S3,Control,0.4686,4.731
C0297,Con_S1,Control,0.2159,2.471
C0298,Con_S1,Control,0.4143,5.05
C0299,Con_S3,Control,0.6164,3.83
C0300,Con_S2,Control,0.7578,5.11
C0301,Con_S3,Control,0.6064,4.044
C0302,Con_S1,Control,0.5062,4.535
C0303,Con_S3,Control,0.594,3.987
C0304,Con_S1,Control,0.4178,3.775
C0305,Con_S2,Control,0.5465,5.454
C0306,Con_S2,Control,0.2018,3.207
C0307,Con_S1,Control,0.2772,3.277
C0308,Con_S1,Control,0.3683,4.712
C0309,Con_S1,Control,0.3279,3.839
C0310,Con_S1,Control,0.2688,3.603
C0311,Con_S1,Control,0.1804,3.443
C0312,Con_S2,Control,0.3787,3.105
C0313,Con_S2,Control,0.7686,5.093
C0314,Con_S1,Control,0.1552,4.28
C0315,Con_S1,Control,0.344,3.246
C0316,Con_S3,Control,0.2385,3.542
C0317,Con_S1,Control,0.1294,3.353
C0318,Con_S3,Control,0.298,2.91
C0319,Con_S3,Control,0.3569,4.195
C0320,Con_S1,Control,0.1074,3.349
C0321,Con_S3,Control,0.5443,4.023
C0322,Con_S3,Control,0.6231,3.038
C0323,Con_S1,Control,0.5806,4.173
C0324,Con_S1,Control,0.1386,3.389
C0325,Con_S3,Control,0.4251,4.0
C0326,Con_S1,Control,0.3171,4.167
C0327,Con_S3,Control,0.6399,5.303
C0328,Con_S3,Control,0.5593,3.226
C0329,Con_S3,Control,0.4971,3.894
C0330,Con_S2,Control,0.0954,4.381
C0331,Con_S2,Control,0.5403,4.466
C0332,Con_S3,Control,0.2337,3.888
C0333,Con_S3,Control,0.1392,4.084
C0334,Con_S1,Control,0.6167,4.29
C0335,Con_S3,Control,0.3429,3.59
C0336,Con_S1,Control,0.3832,3.719
C0337,Con_S3,Control,0.3724,2.797
C0338,Con_S3,Control,0.1023,1.948
C0339,Con_S2,Control,0.327,4.159
C0340,Con_S2,Control,0.1428,3.075
C0341,Con_S1,Control,0.1744,5.25
C0342,Con_S1,Control,0.2305,3.65
C0343,Con_S3,Control,0.5603,4.388
C0344,Con_S3,Control,0.0,3.362
C0345,Con_S2,Control,0.3718,4.255
C0346,Con_S1,Control,0.2866,4.246
C0347,Con_S1,Control,0.0,2.857
C0348,Con_S2,Control,0.3765,3.921
C0349,Con_S1,Control,0.3367,3.112
C0350,Con_S3,Control,0.039,2.224
C0351,Sti_S2,Stimulated,0.5364,3.893
C0352,Sti_S3,Stimulated,0.57,2.826
C0353,Sti_S2,Stimulated,0.7898,4.134
C0354,Sti_S1,Stimulated,0.5196,4.329
C0355,Sti_S1,Stimulated,0.3572,4.961
C0356,Sti_S3,Stimulated,0.9504,4.428
C0357,Sti_S1,Stimulated,0.7105,5.096
C0358,Sti_S3,Stimulated,0.8435,5.691
C0359,Sti_S1,Stimulated,0.6532,4.583
C0360,Sti_S2,Stimulated,0.8163,5.182
C0361,Sti_S2,Stimulated,0.5916,3.528
C0362,Sti_S2,Stimulated,0.4962,2.885
C0363,Sti_S3,Stimulated,0.4348,4.148
C0364,Sti_S3,Stimulated,0.3153,3.276
C0365,Sti_S2,Stimulated,0.4973,4.277
C0366,Sti_S3,Stimulated,0.4914,3.721
C0367,Sti_S2,Stimulated,0.5386,3.766
C0368,Sti_S2,Stimulated,0.3905,4.752
C0369,Sti_S1,Stimulated,0.857,2.98
C0370,Sti_S1,Stimulated,0.6515,4.586
C0371,Sti_S2,Stimulated,0.7397,4.228
C0372,Sti_S2,Stimulated,0.4241,4.105
C0373,Sti_S1,Stimulated,0.7265,4.559
C0374,Sti_S1,Stimulated,0.5127,3.755
C0375,Sti_S3,Stimulated,0.6446,4.41
C0376,Sti_S3,Stimulated,0.3666,3.051
C0377,Sti_S2,Stimulated,0.5019,3.72
C0378,Sti_S2,Stimulated,0.6746,4.74
C0379,Sti_S2,Stimulated,0.7167,5.121
C0380,Sti_S2,Stimulated,0.5806,4.734
C0381,Sti_S1,Stimulated,0.8267,5.088
C0382,Sti_S3,Stimulated,1.0,4.956
C0383,Sti_S3,Stimulated,0.6448,3.643
C0384,Sti_S3,Stimulated,0.8643,3.86
C0385,Sti_S1,Stimulated,0.6024,3.696
C0386,Sti_S2,Stimulated,0.5276,3.828
C0387,Sti_S1,Stimulated,0.5369,3.735
C0388,Sti_S3,Stimulated,0.8732,3.851
C0389,Sti_S1,Stimulated,0.4819,3.487
C0390,Sti_S1,Stimulated,0.4444,3.684
C0391,Sti_S2,Stimulated,0.4632,2.271
C0392,Sti_S2,Stimulated,0.4623,5.545
C0393,Sti_S1,Stimulated,0.6418,4.985
C0394,Sti_S3,Stimulated,0.3278,4.378
C0395,Sti_S1,Stimulated,0.4984,3.516
C0396,Sti_S1,Stimulated,0.5231,3.939
C0397,Sti_S2,Stimulated,0.3563,3.469
C0398,Sti_S2,Stimulated,0.5036,4.032
C0399,Sti_S1,Stimulated,0.3136,3.391
C0400,Sti_S1,Stimulated,0.4777,4.868
C0401,Sti_S1,Stimulated,0.6083,3.902
C0402,Sti_S3,Stimulated,0.6102,4.118
C0403,Sti_S2,Stimulated,0.7011,3.47
C0404,Sti_S1,Stimulated,0.6735,3.503
C0405,Sti_S3,Stimulated,0.236,2.936
C0406,Sti_S3,Stimulated,0.7894,5.493
C0407,Sti_S2,Stimulated,0.4091,2.112
C0408,Sti_S1,Stimulated,0.7648,4.817
C0409,Sti_S3,Stimulated,0.3683,4.446
C0410,Sti_S2,Stimulated,0.457,4.507
C0411,Sti_S1,Stimulated,0.5469,4.251
C0412,Sti_S1,Stimulated,0.5233,4.24
C0413,Sti_S2,Stimulated,0.6584,5.026
C0414,Sti_S2,Stimulated,0.8053,4.675
C0415,Sti_S2,Stimulated,0.702,4.45
C0416,Sti_S2,Stimulated,0.705,3.53
C0417,Sti_S1,Stimulated,0.3415,3.119
C0418,Sti_S2,Stimulated,0.6183,4.583
C0419,Sti_S2,Stimulated,0.5933,4.584
C0420,Sti_S1,Stimulated,0.5713,3.877
C0421,Sti_S1,Stimulated,1.0,4.426
C0422,Sti_S1,Stimulated,0.8136,4.022
C0423,Sti_S1,Stimulated,0.4749,3.938
C0424,Sti_S3,Stimulated,0.7611,4.646
C0425,Sti_S1,Stimulated,0.3295,3.427
C0426,Sti_S2,Stimulated,0.4625,3.897
C0427,Sti_S3,Stimulated,0.8271,3.471
C0428,Sti_S1,Stimulated,0.3913,3.351
C0429,Sti_S2,Stimulated,0.3718,4.272
C0430,Sti_S3,Stimulated,0.6223,3.633
C0431,Sti_S3,Stimulated,0.805,4.956
C0432,Sti_S3,Stimulated,0.8204,5.217
C0433,Sti_S3,Stimulated,0.5807,4.435
C0434,Sti_S2,Stimulated,0.209,2.965
C0435,Sti_S3,Stimulated,0.3104,3.359
C0436,Sti_S2,Stimulated,0.5397,3.414
C0437,Sti_S2,Stimulated,0.427,2.525
C0438,Sti_S1,Stimulated,0.6566,3.094
C0439,Sti_S1,Stimulated,0.5136,3.384
C0440,Sti_S2,Stimulated,0.4823,4.023
C0441,Sti_S1,Stimulated,0.5936,4.462
C0442,Sti_S3,Stimulated,0.6866,5.186
C0443,Sti_S1,Stimulated,0.3846,3.409
C0444,Sti_S1,Stimulated,0.8556,4.722
C0445,Sti_S3,Stimulated,0.5302,4.159
C0446,Sti_S1,Stimulated,0.5783,4.995
C0447,Sti_S3,Stimulated,0.3021,4.725
C0448,Sti_S3,Stimulated,0.6931,4.493
C0449,Sti_S3,Stimulated,0.3826,3.579
C0450,Sti_S3,Stimulated,0.5951,4.334
C0451,Sti_S1,Stimulated,0.6849,4.6
C0452,Sti_S3,Stimulated,0.4286,4.352
C0453,Sti_S2,Stimulated,0.6866,4.384
C0454,Sti_S3,Stimulated,0.5944,4.552
C0455,Sti_S3,Stimulated,0.5537,4.105
C0456,Sti_S1,Stimulated,0.4747,4.155
C0457,Sti_S1,Stimulated,0.5132,3.685
C0458,Sti_S1,Stimulated,0.7539,3.558
C0459,Sti_S2,Stimulated,0.6772,3.058
C0460,Sti_S3,Stimulated,0.4488,3.032
C0461,Sti_S3,Stimulated,0.7256,4.656
C0462,Sti_S3,Stimulated,0.7384,4.877
C0463,Sti_S1,Stimulated,0.5741,4.424
C0464,Sti_S1,Stimulated,0.8535,4.979
C0465,Sti_S3,Stimulated,0.3105,3.275
C0466,Sti_S2,Stimulated,0.6162,3.512
C0467,Sti_S2,Stimulated,0.8306,4.106
C0468,Sti_S2,Stimulated,0.4899,3.816
C0469,Sti_S2,Stimulated,0.4183,2.078
C0470,Sti_S1,Stimulated,0.4855,2.799
C0471,Sti_S3,Stimulated,0.6609,4.008
C0472,Sti_S1,Stimulated,0.7667,3.653
C0473,Sti_S1,Stimulated,0.3342,3.685
C0474,Sti_S1,Stimulated,0.4492,4.706
C0475,Sti_S3,Stimulated,0.8625,4.753
C0476,Sti_S3,Stimulated,0.8167,4.89
C0477,Sti_S2,Stimulated,0.434,5.033
C0478,Sti_S3,Stimulated,0.4733,5.463
C0479,Sti_S1,Stimulated,1.0,5.022
C0480,Sti_S3,Stimulated,0.641,4.748
C0481,Sti_S1,Stimulated,0.6574,5.011
C0482,Sti_S1,Stimulated,0.499,5.532
C0483,Sti_S2,Stimulated,0.5614,4.667
C0484,Sti_S3,Stimulated,0.6799,5.326
C0485,Sti_S3,Stimulated,0.6662,3.92
C0486,Sti_S3,Stimulated,0.6362,4.403
C0487,Sti_S1,Stimulated,0.7599,4.061
C0488,Sti_S3,Stimulated,0.8309,4.809
C0489,Sti_S2,Stimulated,0.9227,5.404
C0490,Sti_S1,Stimulated,0.5422,3.773
C0491,Sti_S2,Stimulated,0.4155,3.638
C0492,Sti_S1,Stimulated,0.6196,4.665
C0493,Sti_S3,Stimulated,0.3502,4.259
C0494,Sti_S1,Stimulated,0.5413,3.414
C0495,Sti_S1,Stimulated,0.6549,3.947
C0496,Sti_S2,Stimulated,0.5189,3.443
C0497,Sti_S2,Stimulated,0.7535,5.721
C0498,Sti_S2,Stimulated,0.2799,3.923
C0499,Sti_S3,Stimulated,0.4519,4.137
C0500,Sti_S2,Stimulated,0.3956,3.698
C0501,Sti_S2,Stimulated,0.874,5.22
C0502,Sti_S1,Stimulated,0.9062,3.804
C0503,Sti_S1,Stimulated,0.6427,5.234
C0504,Sti_S3,Stimulated,0.4236,4.145
C0505,Sti_S3,Stimulated,0.6894,4.925
C0506,Sti_S3,Stimulated,0.9024,5.311
C0507,Sti_S3,Stimulated,0.4349,3.503
C0508,Sti_S1,Stimulated,0.6419,4.316
C0509,Sti_S1,Stimulated,0.4467,3.3
C0510,Sti_S3,Stimulated,0.9294,5.238
C0511,Sti_S1,Stimulated,0.6914,3.54
C0512,Sti_S2,Stimulated,0.1927,2.937
C0513,Sti_S1,Stimulated,0.6235,4.397
C0514,Sti_S1,Stimulated,0.5496,3.266
C0515,Sti_S2,Stimulated,0.5596,4.777
C0516,Sti_S1,Stimulated,0.6107,3.551
C0517,Sti_S1,Stimulated,0.9912,5.438
C0518,Sti_S2,Stimulated,0.7243,3.42
C0519,Sti_S3,Stimulated,0.2778,3.358
C0520,Sti_S3,Stimulated,1.0,4.398
C0521,Sti_S3,Stimulated,0.8995,4.714
C0522,Sti_S2,Stimulated,0.8169,4.611
C0523,Sti_S1,Stimulated,0.2077,3.196
C0524,Sti_S1,Stimulated,0.6657,3.967
C0525,Sti_S1,Stimulated,0.8134,4.861
C0526,Sti_S2,Stimulated,0.7952,2.862
C0527,Sti_S1,Stimulated,0.7196,4.486
C0528,Sti_S3,Stimulated,0.4803,3.712
C0529,Sti_S1,Stimulated,0.3438,4.507
C0530,Sti_S1,Stimulated,0.7383,3.872
C0531,Sti_S2,Stimulated,0.8138,3.749
C0532,Sti_S1,Stimulated,0.4514,4.183
C0533,Sti_S1,Stimulated,0.5765,4.206
C0534,Sti_S3,Stimulated,0.6967,3.967
C0535,Sti_S1,Stimulated,0.6307,3.204
C0536,Sti_S3,Stimulated,0.6059,3.329
C0537,Sti_S2,Stimulated,0.639,3.592
C0538,Sti_S2,Stimulated,0.6484,3.582
C0539,Sti_S2,Stimulated,0.6672,3.654
C0540,Sti_S3,Stimulated,0.3282,3.361
C0541,Sti_S1,Stimulated,0.7247,4.852
C0542,Sti_S2,Stimulated,0.5145,4.591
C0543,Sti_S2,Stimulated,0.5028,2.693
C0544,Sti_S2,Stimulated,0.7458,3.886
C0545,Sti_S3,Stimulated,0.6008,4.31
C0546,Sti_S2,Stimulated,0.8092,4.466
C0547,Sti_S3,Stimulated,0.4696,4.164
C0548,Sti_S2,Stimulated,0.7265,4.521
C0549,Sti_S2,Stimulated,0.744,4.2
C0550,Sti_S1,Stimulated,0.4834,5.196
C0551,Sti_S1,Stimulated,0.7432,5.019
C0552,Sti_S3,Stimulated,0.7447,5.625
C0553,Sti_S3,Stimulated,0.5685,3.57
C0554,Sti_S3,Stimulated,0.5974,4.093
C0555,Sti_S3,Stimulated,0.605,3.442
C0556,Sti_S2,Stimulated,0.2731,2.928
C0557,Sti_S2,Stimulated,0.7432,3.728
C0558,Sti_S3,Stimulated,0.7604,5.374
C0559,Sti_S1,Stimulated,0.6502,4.498
C0560,Sti_S3,Stimulated,0.8288,3.725
C0561,Sti_S3,Stimulated,0.6215,4.152
C0562,Sti_S1,Stimulated,0.6462,4.507
C0563,Sti_S3,Stimulated,0.6123,3.864
C0564,Sti_S3,Stimulated,0.5842,4.67
C0565,Sti_S3,Stimulated,0.6932,5.275
C0566,Sti_S1,Stimulated,0.7771,6.045
C0567,Sti_S2,Stimulated,0.448,3.714
C0568,Sti_S3,Stimulated,0.6339,4.216
C0569,Sti_S1,Stimulated,0.5316,4.481
C0570,Sti_S2,Stimulated,0.5113,3.729
C0571,Sti_S1,Stimulated,0.7431,5.345
C0572,Sti_S3,Stimulated,0.6837,4.555
C0573,Sti_S3,Stimulated,0.8661,6.487
C0574,Sti_S3,Stimulated,0.6528,4.561
C0575,Sti_S1,Stimulated,0.5655,3.495
C0576,Sti_S1,Stimulated,0.6722,4.106
C0577,Sti_S2,Stimulated,0.5962,5.151
C0578,Sti_S2,Stimulated,0.6292,5.138
C0579,Sti_S1,Stimulated,1.0,4.556
C0580,Sti_S2,Stimulated,0.6932,4.294
C0581,Sti_S3,Stimulated,0.4387,4.964
C0582,Sti_S2,Stimulated,0.3943,4.733
C0583,Sti_S2,Stimulated,0.6858,3.365
C0584,Sti_S1,Stimulated,0.7289,3.855
C0585,Sti_S1,Stimulated,0.3492,3.881
C0586,Sti_S3,Stimulated,0.6699,4.583
C0587,Sti_S3,Stimulated,0.5404,4.85
C0588,Sti_S3,Stimulated,0.6144,2.898
C0589,Sti_S1,Stimulated,0.5409,4.119
C0590,Sti_S2,Stimulated,0.5999,4.804
C0591,Sti_S1,Stimulated,0.3841,4.785
C0592,Sti_S2,Stimulated,0.3827,4.019
C0593,Sti_S1,Stimulated,0.6232,5.431
C0594,Sti_S2,Stimulated,0.8051,4.181
C0595,Sti_S3,Stimulated,0.8214,4.71
C0596,Sti_S3,Stimulated,0.8817,4.096
C0597,Sti_S2,Stimulated,0.4536,3.873
C0598,Sti_S3,Stimulated,0.721,5.148
C0599,Sti_S1,Stimulated,0.8971,5.65
C0600,Sti_S3,Stimulated,0.5006,3.444
C0601,Sti_S2,Stimulated,0.5979,4.193
C0602,Sti_S2,Stimulated,0.5499,3.76
C0603,Sti_S3,Stimulated,0.459,4.101
C0604,Sti_S2,Stimulated,0.758,5.232
C0605,Sti_S2,Stimulated,0.7727,4.742
C0606,Sti_S1,Stimulated,0.4448,3.381
C0607,Sti_S2,Stimulated,0.5638,4.656
C0608,Sti_S2,Stimulated,0.4412,2.315
C0609,Sti_S3,Stimulated,0.7234,4.58
C0610,Sti_S3,Stimulated,0.6086,4.368
C0611,Sti_S3,Stimulated,0.3378,3.816
C0612,Sti_S1,Stimulated,0.4814,3.475
C0613,Sti_S3,Stimulated,0.8135,4.441
C0614,Sti_S3,Stimulated,0.4384,4.817
C0615,Sti_S3,Stimulated,0.3402,4.203
C0616,Sti_S1,Stimulated,0.4739,3.522
C0617,Sti_S3,Stimulated,0.6812,4.104
C0618,Sti_S1,Stimulated,0.2032,3.374
C0619,Sti_S2,Stimulated,0.7443,3.84
C0620,Sti_S3,Stimulated,0.7714,4.97
C0621,Sti_S1,Stimulated,0.9744,4.508
C0622,Sti_S2,Stimulated,0.2481,2.675
C0623,Sti_S3,Stimulated,0.8317,5.149
C0624,Sti_S1,Stimulated,0.3918,3.703
C0625,Sti_S2,Stimulated,0.599,3.843
C0626,Sti_S2,Stimulated,0.6012,4.123
C0627,Sti_S2,Stimulated,0.1897,2.546
C0628,Sti_S3,Stimulated,0.604,3.213
C0629,Sti_S3,Stimulated,0.4471,4.144
C0630,Sti_S2,Stimulated,0.737,4.991
C0631,Sti_S1,Stimulated,0.2907,4.121
C0632,Sti_S3,Stimulated,0.6759,4.272
C0633,Sti_S1,Stimulated,0.51,4.882
C0634,Sti_S3,Stimulated,0.7194,4.358
C0635,Sti_S1,Stimulated,0.8391,4.3
C0636,Sti_S2,Stimulated,0.721,4.516
C0637,Sti_S1,Stimulated,0.4544,3.595
C0638,Sti_S3,Stimulated,0.5405,4.824
C0639,Sti_S3,Stimulated,0.5217,3.014
C0640,Sti_S1,Stimulated,0.571,4.662
C0641,Sti_S2,Stimulated,0.7486,4.69
C0642,Sti_S3,Stimulated,0.3875,4.228
C0643,Sti_S3,Stimulated,0.4249,5.509
C0644,Sti_S3,Stimulated,0.4573,4.763
C0645,Sti_S2,Stimulated,0.6148,5.181
C0646,Sti_S2,Stimulated,0.5677,3.82
C0647,Sti_S3,Stimulated,0.3821,4.599
C0648,Sti_S1,Stimulated,0.6485,3.614
C0649,Sti_S3,Stimulated,0.6905,5.017
C0650,Sti_S1,Stimulated,0.5576,4.021
C0651,Sti_S3,Stimulated,0.8044,4.954
C0652,Sti_S1,Stimulated,0.5594,3.55
C0653,Sti_S1,Stimulated,0.4825,4.574
C0654,Sti_S2,Stimulated,0.4576,3.87
C0655,Sti_S1,Stimulated,0.6166,4.543
C0656,Sti_S3,Stimulated,0.5486,4.452
C0657,Sti_S3,Stimulated,0.6676,5.308
C0658,Sti_S1,Stimulated,0.5106,4.064
C0659,Sti_S3,Stimulated,0.5196,5.065
C0660,Sti_S2,Stimulated,0.801,3.981
C0661,Sti_S1,Stimulated,0.6566,4.697
C0662,Sti_S2,Stimulated,0.3288,2.742
C0663,Sti_S3,Stimulated,0.8628,5.232
C0664,Sti_S3,Stimulated,0.9532,5.083
C0665,Sti_S3,Stimulated,0.9262,5.523
C0666,Sti_S2,Stimulated,0.5073,3.819
C0667,Sti_S2,Stimulated,0.6153,4.644
C0668,Sti_S3,Stimulated,0.5419,4.642
C0669,Sti_S2,Stimulated,0.3356,4.086
C0670,Sti_S3,Stimulated,0.6119,4.922
C0671,Sti_S2,Stimulated,0.4258,4.823
C0672,Sti_S2,Stimulated,0.5509,3.846
C0673,Sti_S2,Stimulated,0.8363,6.372
C0674,Sti_S2,Stimulated,0.4914,4.028
C0675,Sti_S2,Stimulated,0.5619,5.018
C0676,Sti_S2,Stimulated,0.5096,3.108
C0677,Sti_S1,Stimulated,0.7126,4.222
C0678,Sti_S2,Stimulated,0.834,4.281
C0679,Sti_S1,Stimulated,0.7007,4.213
C0680,Sti_S1,Stimulated,0.5043,4.108
C0681,Sti_S1,Stimulated,0.55,3.657
C0682,Sti_S3,Stimulated,0.4353,3.935
C0683,Sti_S1,Stimulated,0.6386,5.666
C0684,Sti_S3,Stimulated,0.237,3.186
C0685,Sti_S1,Stimulated,0.6531,3.613
C0686,Sti_S2,Stimulated,0.5973,4.965
C0687,Sti_S2,Stimulated,0.6522,3.385
C0688,Sti_S3,Stimulated,0.4876,4.019
C0689,Sti_S3,Stimulated,0.6126,3.18
C0690,Sti_S1,Stimulated,0.7274,3.603
C0691,Sti_S2,Stimulated,0.902,4.027
C0692,Sti_S3,Stimulated,0.6422,3.749
C0693,Sti_S1,Stimulated,0.8381,4.178
C0694,Sti_S3,Stimulated,0.7672,4.299
C0695,Sti_S1,Stimulated,0.6081,3.668
C0696,Sti_S2,Stimulated,0.9316,5.236
C0697,Sti_S1,Stimulated,0.788,4.527
C0698,Sti_S2,Stimulated,0.7612,5.516
C0699,Sti_S1,Stimulated,0.3996,3.756
C0700,Sti_S2,Stimulated,0.5967,4.121
C0701,Inh_S3,Inhibited,0.196,3.56
C0702,Inh_S1,Inhibited,0.0,2.922
C0703,Inh_S2,Inhibited,0.2064,3.04
C0704,Inh_S1,Inhibited,0.5147,4.124
C0705,Inh_S1,Inhibited,0.3577,4.557
C0706,Inh_S3,Inhibited,0.3107,4.844
C0707,Inh_S3,Inhibited,0.2833,4.316
C0708,Inh_S1,Inhibited,0.1664,3.499
C0709,Inh_S3,Inhibited,0.4273,3.672
C0710,Inh_S2,Inhibited,0.4727,4.127
C0711,Inh_S1,Inhibited,0.1812,4.015
C0712,Inh_S1,Inhibited,0.4291,4.092
C0713,Inh_S2,Inhibited,0.1525,3.805
C0714,Inh_S3,Inhibited,0.2867,2.431
C0715,Inh_S3,Inhibited,0.6186,3.948
C0716,Inh_S2,Inhibited,0.3528,3.461
C0717,Inh_S2,Inhibited,0.4233,4.091
C0718,Inh_S1,Inhibited,0.0,2.944
C0719,Inh_S2,Inhibited,0.4725,3.682
C0720,Inh_S1,Inhibited,0.444,4.204
C0721,Inh_S2,Inhibited,0.1991,2.694
C0722,Inh_S2,Inhibited,0.2441,2.528
C0723,Inh_S3,Inhibited,0.1986,3.67
C0724,Inh_S3,Inhibited,0.1682,2.427
C0725,Inh_S3,Inhibited,0.099,3.761
C0726,Inh_S1,Inhibited,0.2664,2.219
C0727,Inh_S3,Inhibited,0.4267,3.623
C0728,Inh_S3,Inhibited,0.225,3.719
C0729,Inh_S3,Inhibited,0.5833,4.546
C0730,Inh_S3,Inhibited,0.1522,2.94
C0731,Inh_S1,Inhibited,0.403,3.986
C0732,Inh_S2,Inhibited,0.0407,3.513
C0733,Inh_S2,Inhibited,0.4386,3.073
C0734,Inh_S1,Inhibited,0.4386,4.49
C0735,Inh_S3,Inhibited,0.0,3.08
C0736,Inh_S3,Inhibited,0.2973,3.063
C0737,Inh_S2,Inhibited,0.4049,4.508
C0738,Inh_S3,Inhibited,0.0564,3.117
C0739,Inh_S2,Inhibited,0.0549,2.292
C0740,Inh_S1,Inhibited,0.5504,4.21
C0741,Inh_S3,Inhibited,0.3407,3.997
C0742,Inh_S1,Inhibited,0.0414,3.459
C0743,Inh_S3,Inhibited,0.0155,3.08
C0744,Inh_S3,Inhibited,0.2879,3.985
C0745,Inh_S1,Inhibited,0.4925,3.767
C0746,Inh_S1,Inhibited,0.3815,5.009
C0747,Inh_S3,Inhibited,0.1578,3.446
C0748,Inh_S3,Inhibited,0.2197,1.699
C0749,Inh_S3,Inhibited,0.079,3.601
C0750,Inh_S1,Inhibited,0.4232,3.529
C0751,Inh_S3,Inhibited,0.0836,3.413
C0752,Inh_S2,Inhibited,0.22,3.063
C0753,Inh_S3,Inhibited,0.1439,3.638
C0754,Inh_S1,Inhibited,0.3452,4.905
C0755,Inh_S1,Inhibited,0.1463,2.712
C0756,Inh_S3,Inhibited,0.1004,3.902
C0757,Inh_S1,Inhibited,0.1834,3.652
C0758,Inh_S3,Inhibited,0.351,3.737
C0759,Inh_S1,Inhibited,0.5342,5.606
C0760,Inh_S3,Inhibited,0.2981,5.003
C0761,Inh_S2,Inhibited,0.008,1.877
C0762,Inh_S2,Inhibited,0.3252,4.986
C0763,Inh_S1,Inhibited,0.1218,2.999
C0764,Inh_S1,Inhibited,0.4095,3.249
C0765,Inh_S3,Inhibited,0.2713,3.777
C0766,Inh_S3,Inhibited,0.5206,5.015
C0767,Inh_S1,Inhibited,0.0737,3.46
C0768,Inh_S2,Inhibited,0.0447,3.498
C0769,Inh_S1,Inhibited,0.2197,4.72
C0770,Inh_S3,Inhibited,0.0,2.292
C0771,Inh_S2,Inhibited,0.1515,3.992
C0772,Inh_S1,Inhibited,0.6792,6.268
C0773,Inh_S3,Inhibited,0.2995,4.961
C0774,Inh_S2,Inhibited,0.1621,3.125
C0775,Inh_S2,Inhibited,0.0164,1.994
C0776,Inh_S3,Inhibited,0.2346,3.232
C0777,Inh_S3,Inhibited,0.1538,3.912
C0778,Inh_S2,Inhibited,0.2611,3.452
C0779,Inh_S1,Inhibited,0.1976,3.513
C0780,Inh_S1,Inhibited,0.1074,3.175
C0781,Inh_S2,Inhibited,0.0,3.078
C0782,Inh_S3,Inhibited,0.1871,1.905
C0783,Inh_S1,Inhibited,0.5629,3.521
C0784,Inh_S1,Inhibited,0.0639,4.499
C0785,Inh_S3,Inhibited,0.3189,4.323
C0786,Inh_S1,Inhibited,0.192,3.268
C0787,Inh_S1,Inhibited,0.6085,5.563
C0788,Inh_S2,Inhibited,0.1732,3.148
C0789,Inh_S1,Inhibited,0.3548,4.882
C0790,Inh_S3,Inhibited,0.3559,3.128
C0791,Inh_S1,Inhibited,0.3841,3.117
C0792,Inh_S2,Inhibited,0.0,3.103
C0793,Inh_S3,Inhibited,0.073,1.834
C0794,Inh_S3,Inhibited,0.7051,3.18
C0795,Inh_S3,Inhibited,0.3814,3.416
C0796,Inh_S2,Inhibited,0.186,3.335
C0797,Inh_S2,Inhibited,0.3501,3.745
C0798,Inh_S3,Inhibited,0.0,4.247
C0799,Inh_S3,Inhibited,0.302,3.846
C0800,Inh_S2,Inhibited,0.2701,3.483
C0801,Inh_S2,Inhibited,0.0628,3.413
C0802,Inh_S3,Inhibited,0.3897,2.641
C0803,Inh_S2,Inhibited,0.1791,2.813
C0804,Inh_S1,Inhibited,0.0405,3.818
C0805,Inh_S2,Inhibited,0.0,3.064
C0806,Inh_S3,Inhibited,0.411,3.622
C0807,Inh_S2,Inhibited,0.3611,2.809
C0808,Inh_S3,Inhibited,0.0977,2.794
C0809,Inh_S2,Inhibited,0.4511,4.474
C0810,Inh_S1,Inhibited,0.0627,2.018
C0811,Inh_S2,Inhibited,0.0399,1.82
C0812,Inh_S1,Inhibited,0.6008,3.459
C0813,Inh_S2,Inhibited,0.0979,2.386
C0814,Inh_S1,Inhibited,0.0336,3.388
C0815,Inh_S3,Inhibited,0.3518,4.667
C0816,Inh_S2,Inhibited,0.2792,3.836
C0817,Inh_S2,Inhibited,0.0865,3.477
C0818,Inh_S1,Inhibited,0.1081,3.598
C0819,Inh_S3,Inhibited,0.0389,3.581
C0820,Inh_S3,Inhibited,0.1659,4.086
C0821,Inh_S1,Inhibited,0.0712,3.315
C0822,Inh_S3,Inhibited,0.3611,3.739
C0823,Inh_S2,Inhibited,0.6559,4.836
C0824,Inh_S3,Inhibited,0.1186,3.421
C0825,Inh_S3,Inhibited,0.3806,3.615
C0826,Inh_S2,Inhibited,0.058,1.882
C0827,Inh_S2,Inhibited,0.3537,4.149
C0828,Inh_S2,Inhibited,0.3749,4.045
C0829,Inh_S1,Inhibited,0.3712,3.353
C0830,Inh_S2,Inhibited,0.3914,3.613
C0831,Inh_S3,Inhibited,0.4558,4.933
C0832,Inh_S1,Inhibited,0.1839,5.055
C0833,Inh_S2,Inhibited,0.4561,2.691
C0834,Inh_S1,Inhibited,0.1813,3.255
C0835,Inh_S1,Inhibited,0.581,3.837
C0836,Inh_S2,Inhibited,0.0,2.659
C0837,Inh_S2,Inhibited,0.314,3.128
C0838,Inh_S1,Inhibited,0.3021,3.599
C0839,Inh_S1,Inhibited,0.564,4.407
C0840,Inh_S2,Inhibited,0.1039,3.21
C0841,Inh_S3,Inhibited,0.1854,2.974
C0842,Inh_S2,Inhibited,0.3148,3.632
C0843,Inh_S2,Inhibited,0.0841,3.219
C0844,Inh_S1,Inhibited,0.0013,1.736
C0845,Inh_S2,Inhibited,0.3326,3.219
C0846,Inh_S3,Inhibited,0.2164,2.097
C0847,Inh_S2,Inhibited,0.2192,3.693
C0848,Inh_S2,Inhibited,0.0,1.956
C0849,Inh_S3,Inhibited,0.633,4.165
C0850,Inh_S1,Inhibited,0.6014,4.962
C0851,Inh_S1,Inhibited,0.2837,4.708
C0852,Inh_S2,Inhibited,0.0358,4.069
C0853,Inh_S1,Inhibited,0.1183,3.407
C0854,Inh_S1,Inhibited,0.1395,2.899
C0855,Inh_S2,Inhibited,0.4739,3.846
C0856,Inh_S1,Inhibited,0.4496,4.692
C0857,Inh_S2,Inhibited,0.4615,3.768
C0858,Inh_S1,Inhibited,0.518,4.297
C0859,Inh_S3,Inhibited,0.179,3.838
C0860,Inh_S3,Inhibited,0.0836,2.937
C0861,Inh_S1,Inhibited,0.2388,4.724
C0862,Inh_S2,Inhibited,0.6107,5.673
C0863,Inh_S1,Inhibited,0.3221,4.553
C0864,Inh_S2,Inhibited,0.2579,3.863
C0865,Inh_S3,Inhibited,0.1353,3.902
C0866,Inh_S3,Inhibited,0.3392,3.966
C0867,Inh_S1,Inhibited,0.0934,3.659
C0868,Inh_S3,Inhibited,0.1932,4.435
C0869,Inh_S3,Inhibited,0.5036,3.4
C0870,Inh_S3,Inhibited,0.1379,3.018
C0871,Inh_S1,Inhibited,0.2565,2.463
C0872,Inh_S2,Inhibited,0.2307,3.413
C0873,Inh_S1,Inhibited,0.0126,3.348
C0874,Inh_S3,Inhibited,0.1277,3.361
C0875,Inh_S2,Inhibited,0.2951,4.267
C0876,Inh_S3,Inhibited,0.1222,3.654
C0877,Inh_S3,Inhibited,0.1342,4.455
C0878,Inh_S2,Inhibited,0.0953,2.914
C0879,Inh_S3,Inhibited,0.0033,3.163
C0880,Inh_S3,Inhibited,0.085,2.668
C0881,Inh_S3,Inhibited,0.2595,3.931
C0882,Inh_S1,Inhibited,0.1847,3.516
C0883,Inh_S2,Inhibited,0.2289,4.489
C0884,Inh_S2,Inhibited,0.1746,2.9
C0885,Inh_S2,Inhibited,0.2931,3.511
C0886,Inh_S2,Inhibited,0.2377,3.299
C0887,Inh_S1,Inhibited,0.525,3.461
C0888,Inh_S3,Inhibited,0.1203,1.665
C0889,Inh_S2,Inhibited,0.4216,3.515
C0890,Inh_S1,Inhibited,0.2841,3.739
C0891,Inh_S2,Inhibited,0.0904,4.704
C0892,Inh_S1,Inhibited,0.0199,3.336
C0893,Inh_S1,Inhibited,0.4383,1.854
C0894,Inh_S1,Inhibited,0.2462,3.755
C0895,Inh_S1,Inhibited,0.3531,4.007
C0896,Inh_S3,Inhibited,0.2312,4.052
C0897,Inh_S1,Inhibited,0.3454,3.655
C0898,Inh_S2,Inhibited,0.2966,4.685
C0899,Inh_S1,Inhibited,0.4441,4.06
C0900,Inh_S2,Inhibited,0.5302,3.318
C0901,Inh_S2,Inhibited,0.4459,3.881
C0902,Inh_S2,Inhibited,0.151,2.651
C0903,Inh_S2,Inhibited,0.3104,2.742
C0904,Inh_S3,Inhibited,0.0,4.976
C0905,Inh_S3,Inhibited,0.1868,3.013
C0906,Inh_S2,Inhibited,0.5328,4.769
C0907,Inh_S3,Inhibited,0.1678,3.812
C0908,Inh_S2,Inhibited,0.0803,3.007
C0909,Inh_S1,Inhibited,0.4489,4.11
C0910,Inh_S3,Inhibited,0.405,3.771
C0911,Inh_S3,Inhibited,0.2119,3.557
C0912,Inh_S1,Inhibited,0.452,4.534
C0913,Inh_S1,Inhibited,0.32,3.623
C0914,Inh_S3,Inhibited,0.3125,4.011
C0915,Inh_S2,Inhibited,0.6948,3.756
C0916,Inh_S3,Inhibited,0.2144,4.413
C0917,Inh_S3,Inhibited,0.0884,3.312
C0918,Inh_S1,Inhibited,0.3586,4.378
C0919,Inh_S3,Inhibited,0.5076,2.881
C0920,Inh_S2,Inhibited,0.4193,3.257
C0921,Inh_S1,Inhibited,0.6484,4.005
C0922,Inh_S1,Inhibited,0.2477,2.609
C0923,Inh_S1,Inhibited,0.3315,3.79
C0924,Inh_S3,Inhibited,0.1863,4.16
C0925,Inh_S3,Inhibited,0.2479,2.669
C0926,Inh_S3,Inhibited,0.0,2.198
C0927,Inh_S3,Inhibited,0.1371,2.922
C0928,Inh_S3,Inhibited,0.25,4.145
C0929,Inh_S2,Inhibited,0.3887,3.969
C0930,Inh_S2,Inhibited,0.3656,4.542
C0931,Inh_S3,Inhibited,0.2624,2.996
C0932,Inh_S3,Inhibited,0.1151,4.663
C0933,Inh_S3,Inhibited,0.2811,3.507
C0934,Inh_S1,Inhibited,0.2708,4.112
C0935,Inh_S2,Inhibited,0.4653,3.273
C0936,Inh_S2,Inhibited,0.3765,3.364
C0937,Inh_S2,Inhibited,0.3804,4.19
C0938,Inh_S1,Inhibited,0.087,3.275
C0939,Inh_S3,Inhibited,0.3175,3.678
C0940,Inh_S2,Inhibited,0.0095,3.643
C0941,Inh_S3,Inhibited,0.0197,3.474
C0942,Inh_S3,Inhibited,0.2849,3.499
C0943,Inh_S3,Inhibited,0.1921,2.609
C0944,Inh_S1,Inhibited,0.4073,3.549
C0945,Inh_S3,Inhibited,0.0387,1.333
C0946,Inh_S3,Inhibited,0.2053,3.349
C0947,Inh_S3,Inhibited,0.285,4.448
C0948,Inh_S1,Inhibited,0.0551,3.36
C0949,Inh_S3,Inhibited,0.3819,3.499
C0950,Inh_S1,Inhibited,0.3951,3.29
C0951,Inh_S3,Inhibited,0.3246,3.926
C0952,Inh_S1,Inhibited,0.1481,3.136
C0953,Inh_S3,Inhibited,0.521,4.342
C0954,Inh_S3,Inhibited,0.0,3.491
C0955,Inh_S1,Inhibited,0.2304,3.723
C0956,Inh_S2,Inhibited,0.0,3.443
C0957,Inh_S3,Inhibited,0.1508,3.068
C0958,Inh_S2,Inhibited,0.5879,3.038
C0959,Inh_S1,Inhibited,0.1293,3.791
C0960,Inh_S2,Inhibited,0.1669,4.643
C0961,Inh_S1,Inhibited,0.0,3.256
C0962,Inh_S2,Inhibited,0.2347,2.34
C0963,Inh_S2,Inhibited,0.1654,3.56
C0964,Inh_S1,Inhibited,0.4165,4.005
C0965,Inh_S3,Inhibited,0.2913,3.584
C0966,Inh_S2,Inhibited,0.115,4.197
C0967,Inh_S2,Inhibited,0.3119,3.523
C0968,Inh_S2,Inhibited,0.3797,4.278
C0969,Inh_S3,Inhibited,0.3964,4.247
C0970,Inh_S1,Inhibited,0.0,4.655
C0971,Inh_S1,Inhibited,0.0,4.211
C0972,Inh_S3,Inhibited,0.1656,3.695
C0973,Inh_S3,Inhibited,0.6119,2.862
C0974,Inh_S2,Inhibited,0.3632,5.439
C0975,Inh_S3,Inhibited,0.3911,4.728
C0976,Inh_S2,Inhibited,0.5665,3.177
C0977,Inh_S3,Inhibited,0.293,4.165
C0978,Inh_S1,Inhibited,0.3221,3.852
C0979,Inh_S3,Inhibited,0.0,2.178
C0980,Inh_S3,Inhibited,0.4935,2.37
C0981,Inh_S1,Inhibited,0.0,3.458
C0982,Inh_S2,Inhibited,0.485,3.195
C0983,Inh_S3,Inhibited,0.0,4.479
C0984,Inh_S3,Inhibited,0.2057,4.041
C0985,Inh_S3,Inhibited,0.0889,3.403
C0986,Inh_S3,Inhibited,0.2405,3.492
C0987,Inh_S3,Inhibited,0.4367,3.06
C0988,Inh_S2,Inhibited,0.2224,3.535
C0989,Inh_S1,Inhibited,0.0603,3.239
C0990,Inh_S2,Inhibited,0.1245,2.811
C0991,Inh_S1,Inhibited,0.2419,3.451
C0992,Inh_S2,Inhibited,0.4975,4.222
C0993,Inh_S1,Inhibited,0.2469,3.631
C0994,Inh_S2,Inhibited,0.4407,3.881
C0995,Inh_S3,Inhibited,0.2029,3.254
C0996,Inh_S2,Inhibited,0.2064,3.539
C0997,Inh_S1,Inhibited,0.4433,4.378
C0998,Inh_S1,Inhibited,0.4641,4.287
C0999,Inh_S1,Inhibited,0.4808,3.896
C1000,Inh_S2,Inhibited,0.0,2.144
C1001,Inh_S3,Inhibited,0.093,1.863
C1002,Inh_S3,Inhibited,0.4394,4.123
C1003,Inh_S2,Inhibited,0.3097,3.262
C1004,Inh_S2,Inhibited,0.3383,3.245
C1005,Inh_S2,Inhibited,0.1624,2.723
C1006,Inh_S2,Inhibited,0.0,3.306
C1007,Inh_S1,Inhibited,0.2324,3.346
C1008,Inh_S1,Inhibited,0.3291,3.744
C1009,Inh_S2,Inhibited,0.0,2.824
C1010,Inh_S2,Inhibited,0.2743,3.976
C1011,Inh_S3,Inhibited,0.1726,3.944
C1012,Inh_S3,Inhibited,0.1892,2.233
C1013,Inh_S2,Inhibited,0.2292,5.461
C1014,Inh_S3,Inhibited,0.4145,4.045
C1015,Inh_S2,Inhibited,0.1642,3.56
C1016,Inh_S2,Inhibited,0.1119,3.281
C1017,Inh_S3,Inhibited,0.0,2.727
C1018,Inh_S1,Inhibited,0.572,3.762
C1019,Inh_S2,Inhibited,0.278,3.358
C1020,Inh_S3,Inhibited,0.1376,2.807
C1021,Inh_S1,Inhibited,0.3171,3.944
C1022,Inh_S2,Inhibited,0.366,4.291
C1023,Inh_S2,Inhibited,0.5306,3.263
C1024,Inh_S1,Inhibited,0.0897,3.204
C1025,Inh_S3,Inhibited,0.4679,1.802
C1026,Inh_S3,Inhibited,0.4686,2.938
C1027,Inh_S1,Inhibited,0.3126,1.863
C1028,Inh_S1,Inhibited,0.0107,2.706
C1029,Inh_S3,Inhibited,0.2621,4.597
C1030,Inh_S2,Inhibited,0.2677,2.034
C1031,Inh_S2,Inhibited,0.3065,2.185
C1032,Inh_S3,Inhibited,0.1415,4.186
C1033,Inh_S1,Inhibited,0.2166,3.616
C1034,Inh_S2,Inhibited,0.9026,5.739
C1035,Inh_S3,Inhibited,0.4642,4.06
C1036,Inh_S3,Inhibited,0.5135,3.388
C1037,Inh_S3,Inhibited,0.2268,3.557
C1038,Inh_S2,Inhibited,0.3117,4.277
C1039,Inh_S3,Inhibited,0.1993,3.849
C1040,Inh_S2,Inhibited,0.0582,3.008
C1041,Inh_S2,Inhibited,0.2382,3.555
C1042,Inh_S3,Inhibited,0.2915,4.349
C1043,Inh_S1,Inhibited,0.2136,3.99
C1044,Inh_S2,Inhibited,0.4942,4.786
C1045,Inh_S1,Inhibited,0.271,3.528
C1046,Inh_S3,Inhibited,0.3378,3.545
C1047,Inh_S2,Inhibited,0.2321,2.472
C1048,Inh_S3,Inhibited,0.2179,4.503
C1049,Inh_S2,Inhibited,0.3124,4.211
C1050,Inh_S2,Inhibited,0.2538,3.408
